fields,name,numOfObj,dots
0,dataset/background\0.png,4,"[(438, 99), (432, 356), (242, 82), (350, 339)]"
1,dataset/background\1.png,4,"[(1020, 593), (402, 42), (1148, 624), (989, 660)]"
2,dataset/background\10.png,3,"[(215, 94), (176, 23), (95, 118)]"
3,dataset/background\100.png,3,"[(91, 180), (428, 164), (321, 60)]"
4,dataset/background\1000.png,1,"[(1021, 633)]"
5,dataset/background\1001.png,1,"[(112, 275)]"
6,dataset/background\1002.png,2,"[(461, 305), (570, 650)]"
7,dataset/background\1003.png,5,"[(488, 680), (569, 939), (769, 393), (519, 885), (379, 536)]"
8,dataset/background\1004.png,3,"[(650, 791), (1198, 200), (1278, 891)]"
9,dataset/background\1005.png,3,"[(1130, 209), (310, 409), (283, 75)]"
10,dataset/background\1006.png,3,"[(1306, 843), (1154, 508), (903, 510)]"
11,dataset/background\1007.png,1,"[(363, 517)]"
12,dataset/background\1008.png,5,"[(53, 191), (305, 246), (379, 99), (460, 186), (457, 313)]"
13,dataset/background\1009.png,3,"[(740, 490), (291, 201), (624, 193)]"
14,dataset/background\101.png,5,"[(679, 44), (378, 2), (587, 421), (289, 384), (431, 184)]"
15,dataset/background\1010.png,3,"[(1, 185), (365, 352), (318, 299)]"
16,dataset/background\1011.png,2,"[(269, 274), (876, 598)]"
17,dataset/background\1012.png,4,"[(290, 985), (810, 880), (1147, 992), (102, 629)]"
18,dataset/background\1013.png,4,"[(1077, 13), (346, 1007), (690, 287), (982, 384)]"
19,dataset/background\1014.png,5,"[(916, 636), (509, 400), (133, 1004), (1034, 0), (988, 734)]"
20,dataset/background\1015.png,1,"[(1187, 327)]"
21,dataset/background\1016.png,3,"[(163, 228), (1366, 370), (1330, 343)]"
22,dataset/background\1017.png,1,"[(917, 226)]"
23,dataset/background\1018.png,4,"[(218, 689), (870, 699), (1238, 174), (232, 828)]"
24,dataset/background\1019.png,1,"[(252, 956)]"
25,dataset/background\102.png,2,"[(157, 12), (141, 72)]"
26,dataset/background\1020.png,4,"[(1169, 848), (423, 866), (967, 424), (20, 768)]"
27,dataset/background\1021.png,1,"[(1239, 565)]"
28,dataset/background\1022.png,3,"[(474, 328), (370, 260), (192, 167)]"
29,dataset/background\1023.png,5,"[(546, 626), (257, 341), (441, 362), (1180, 22), (912, 101)]"
30,dataset/background\1024.png,3,"[(1056, 204), (609, 1027), (991, 688)]"
31,dataset/background\1025.png,1,"[(767, 319)]"
32,dataset/background\1026.png,4,"[(889, 448), (972, 524), (378, 557), (902, 616)]"
33,dataset/background\1027.png,5,"[(791, 268), (1046, 937), (785, 728), (905, 921), (307, 390)]"
34,dataset/background\1028.png,5,"[(913, 704), (1146, 318), (229, 512), (82, 277), (980, 347)]"
35,dataset/background\1029.png,5,"[(191, 553), (136, 508), (139, 439), (805, 638), (1047, 125)]"
36,dataset/background\103.png,5,"[(193, 42), (588, 330), (661, 359), (31, 654), (194, 158)]"
37,dataset/background\1030.png,3,"[(182, 496), (372, 688), (318, 424)]"
38,dataset/background\1031.png,5,"[(677, 919), (1301, 902), (982, 207), (1035, 888), (218, 973)]"
39,dataset/background\1032.png,4,"[(464, 590), (1070, 499), (881, 709), (256, 375)]"
40,dataset/background\1033.png,2,"[(1183, 1032), (1306, 855)]"
41,dataset/background\1034.png,4,"[(78, 146), (65, 48), (30, 71), (36, 147)]"
42,dataset/background\1035.png,5,"[(306, 457), (414, 572), (588, 68), (354, 465), (31, 505)]"
43,dataset/background\1036.png,2,"[(1304, 207), (46, 963)]"
44,dataset/background\1037.png,1,"[(124, 791)]"
45,dataset/background\1038.png,2,"[(178, 149), (746, 825)]"
46,dataset/background\1039.png,5,"[(1090, 818), (945, 148), (466, 740), (833, 842), (779, 456)]"
47,dataset/background\104.png,3,"[(163, 376), (314, 369), (59, 412)]"
48,dataset/background\1040.png,1,"[(604, 447)]"
49,dataset/background\1041.png,1,"[(1092, 258)]"
50,dataset/background\1042.png,5,"[(213, 840), (668, 719), (412, 293), (1, 913), (398, 913)]"
51,dataset/background\1043.png,1,"[(1053, 608)]"
52,dataset/background\1044.png,5,"[(402, 11), (684, 930), (344, 593), (328, 13), (883, 173)]"
53,dataset/background\1045.png,2,"[(201, 392), (148, 992)]"
54,dataset/background\1046.png,5,"[(19, 223), (231, 63), (427, 98), (483, 137), (88, 99)]"
55,dataset/background\1047.png,2,"[(1154, 497), (525, 370)]"
56,dataset/background\1048.png,5,"[(178, 109), (1272, 446), (265, 43), (1115, 252), (66, 541)]"
57,dataset/background\1049.png,2,"[(863, 697), (1030, 104)]"
58,dataset/background\105.png,4,"[(416, 611), (1085, 312), (831, 155), (52, 10)]"
59,dataset/background\1050.png,2,"[(922, 411), (127, 467)]"
60,dataset/background\1051.png,4,"[(422, 1039), (195, 692), (1293, 1017), (381, 780)]"
61,dataset/background\1052.png,5,"[(756, 286), (1049, 409), (466, 181), (1149, 356), (916, 710)]"
62,dataset/background\1053.png,5,"[(1231, 773), (292, 782), (663, 363), (1324, 396), (1021, 759)]"
63,dataset/background\1054.png,5,"[(396, 76), (594, 120), (1344, 108), (529, 545), (678, 456)]"
64,dataset/background\1055.png,1,"[(888, 12)]"
65,dataset/background\1056.png,2,"[(970, 76), (1141, 94)]"
66,dataset/background\1057.png,2,"[(357, 132), (512, 669)]"
67,dataset/background\1058.png,1,"[(398, 50)]"
68,dataset/background\1059.png,1,"[(1012, 7)]"
69,dataset/background\106.png,4,"[(229, 118), (180, 397), (46, 65), (111, 239)]"
70,dataset/background\1060.png,1,"[(1162, 360)]"
71,dataset/background\1061.png,2,"[(1036, 353), (876, 564)]"
72,dataset/background\1062.png,2,"[(761, 438), (1043, 387)]"
73,dataset/background\1063.png,2,"[(919, 237), (1075, 127)]"
74,dataset/background\1064.png,3,"[(1137, 476), (300, 614), (1144, 371)]"
75,dataset/background\1065.png,5,"[(585, 91), (884, 530), (196, 672), (1132, 418), (35, 575)]"
76,dataset/background\1066.png,1,"[(288, 174)]"
77,dataset/background\1067.png,2,"[(1066, 268), (269, 668)]"
78,dataset/background\1068.png,1,"[(1123, 315)]"
79,dataset/background\1069.png,4,"[(351, 160), (99, 486), (16, 378), (336, 374)]"
80,dataset/background\107.png,3,"[(808, 309), (153, 407), (307, 261)]"
81,dataset/background\1070.png,4,"[(467, 55), (491, 76), (331, 25), (437, 284)]"
82,dataset/background\1071.png,1,"[(1176, 395)]"
83,dataset/background\1072.png,4,"[(221, 63), (501, 293), (30, 504), (16, 368)]"
84,dataset/background\1073.png,1,"[(684, 257)]"
85,dataset/background\1074.png,4,"[(776, 302), (406, 557), (993, 65), (434, 140)]"
86,dataset/background\1075.png,1,"[(25, 222)]"
87,dataset/background\1076.png,2,"[(252, 267), (275, 34)]"
88,dataset/background\1077.png,2,"[(444, 35), (111, 143)]"
89,dataset/background\1078.png,1,"[(367, 391)]"
90,dataset/background\1079.png,3,"[(20, 670), (842, 416), (254, 421)]"
91,dataset/background\108.png,2,"[(214, 219), (308, 370)]"
92,dataset/background\1080.png,3,"[(318, 83), (78, 51), (0, 61)]"
93,dataset/background\1081.png,1,"[(344, 289)]"
94,dataset/background\1082.png,1,"[(253, 164)]"
95,dataset/background\1083.png,1,"[(507, 564)]"
96,dataset/background\1084.png,3,"[(197, 322), (92, 158), (47, 151)]"
97,dataset/background\1085.png,5,"[(14, 365), (37, 548), (104, 622), (883, 434), (16, 354)]"
98,dataset/background\1086.png,3,"[(122, 270), (50, 367), (365, 178)]"
99,dataset/background\1087.png,4,"[(398, 476), (370, 459), (833, 492), (566, 371)]"
100,dataset/background\1088.png,2,"[(47, 128), (169, 269)]"
101,dataset/background\1089.png,5,"[(197, 558), (1013, 188), (182, 140), (593, 524), (525, 502)]"
102,dataset/background\109.png,5,"[(155, 481), (357, 30), (290, 176), (337, 144), (273, 648)]"
103,dataset/background\1090.png,5,"[(24, 54), (125, 306), (358, 278), (130, 254), (378, 30)]"
104,dataset/background\1091.png,1,"[(1042, 511)]"
105,dataset/background\1092.png,2,"[(214, 8), (31, 93)]"
106,dataset/background\1093.png,4,"[(151, 367), (444, 444), (1187, 186), (596, 224)]"
107,dataset/background\1094.png,2,"[(150, 31), (197, 173)]"
108,dataset/background\1095.png,4,"[(820, 412), (479, 133), (885, 89), (153, 551)]"
109,dataset/background\1096.png,3,"[(168, 62), (121, 87), (93, 61)]"
110,dataset/background\1097.png,1,"[(803, 672)]"
111,dataset/background\1098.png,1,"[(146, 206)]"
112,dataset/background\1099.png,3,"[(445, 386), (1153, 618), (946, 133)]"
113,dataset/background\11.png,5,"[(45, 101), (429, 1), (46, 30), (192, 102), (477, 524)]"
114,dataset/background\110.png,2,"[(338, 2), (5, 125)]"
115,dataset/background\1100.png,4,"[(321, 124), (155, 124), (69, 267), (151, 113)]"
116,dataset/background\1101.png,3,"[(560, 602), (60, 265), (417, 71)]"
117,dataset/background\1102.png,4,"[(271, 98), (274, 170), (264, 24), (167, 90)]"
118,dataset/background\1103.png,1,"[(196, 274)]"
119,dataset/background\1104.png,5,"[(67, 255), (78, 44), (91, 147), (126, 307), (196, 318)]"
120,dataset/background\1105.png,1,"[(1199, 400)]"
121,dataset/background\1106.png,4,"[(91, 280), (222, 304), (90, 234), (199, 39)]"
122,dataset/background\1107.png,3,"[(432, 244), (827, 145), (403, 185)]"
123,dataset/background\1108.png,4,"[(76, 92), (106, 268), (74, 395), (336, 334)]"
124,dataset/background\1109.png,1,"[(571, 508)]"
125,dataset/background\111.png,1,"[(70, 638)]"
126,dataset/background\1110.png,4,"[(8, 118), (270, 225), (72, 229), (203, 92)]"
127,dataset/background\1111.png,4,"[(573, 416), (991, 231), (109, 24), (1176, 479)]"
128,dataset/background\1112.png,5,"[(3, 210), (112, 338), (177, 291), (76, 303), (123, 67)]"
129,dataset/background\1113.png,4,"[(986, 163), (397, 298), (847, 194), (1027, 161)]"
130,dataset/background\1114.png,2,"[(258, 54), (418, 4)]"
131,dataset/background\1115.png,2,"[(44, 593), (150, 114)]"
132,dataset/background\1116.png,1,"[(466, 342)]"
133,dataset/background\1117.png,5,"[(197, 347), (926, 71), (693, 491), (967, 235), (323, 100)]"
134,dataset/background\1118.png,1,"[(421, 121)]"
135,dataset/background\1119.png,3,"[(876, 494), (272, 674), (1158, 317)]"
136,dataset/background\112.png,4,"[(85, 57), (268, 4), (316, 377), (97, 243)]"
137,dataset/background\1120.png,3,"[(454, 249), (61, 169), (234, 293)]"
138,dataset/background\1121.png,4,"[(254, 171), (657, 624), (559, 111), (854, 149)]"
139,dataset/background\1122.png,4,"[(216, 11), (52, 112), (257, 181), (196, 359)]"
140,dataset/background\1123.png,1,"[(106, 199)]"
141,dataset/background\1124.png,2,"[(101, 156), (39, 10)]"
142,dataset/background\1125.png,5,"[(231, 33), (709, 92), (736, 482), (204, 344), (846, 360)]"
143,dataset/background\1126.png,1,"[(286, 299)]"
144,dataset/background\1127.png,1,"[(1151, 129)]"
145,dataset/background\1128.png,3,"[(58, 209), (331, 338), (32, 46)]"
146,dataset/background\1129.png,4,"[(1133, 246), (226, 186), (767, 496), (1097, 114)]"
147,dataset/background\113.png,2,"[(673, 292), (535, 410)]"
148,dataset/background\1130.png,5,"[(308, 44), (277, 177), (132, 272), (391, 312), (118, 211)]"
149,dataset/background\1131.png,3,"[(745, 540), (94, 300), (1189, 520)]"
150,dataset/background\1132.png,3,"[(414, 44), (344, 46), (203, 295)]"
151,dataset/background\1133.png,3,"[(881, 228), (90, 603), (945, 183)]"
152,dataset/background\1134.png,3,"[(486, 7), (385, 305), (449, 162)]"
153,dataset/background\1135.png,5,"[(1035, 576), (817, 559), (139, 7), (876, 85), (911, 65)]"
154,dataset/background\1136.png,3,"[(197, 113), (277, 190), (459, 107)]"
155,dataset/background\1137.png,4,"[(90, 320), (448, 519), (199, 535), (836, 245)]"
156,dataset/background\1138.png,1,"[(119, 7)]"
157,dataset/background\1139.png,1,"[(213, 61)]"
158,dataset/background\114.png,1,"[(86, 90)]"
159,dataset/background\1140.png,4,"[(315, 95), (225, 365), (363, 304), (205, 330)]"
160,dataset/background\1141.png,4,"[(13, 507), (684, 157), (639, 424), (274, 244)]"
161,dataset/background\1142.png,3,"[(52, 376), (260, 162), (228, 392)]"
162,dataset/background\1143.png,2,"[(265, 587), (535, 325)]"
163,dataset/background\1144.png,2,"[(92, 26), (83, 22)]"
164,dataset/background\1145.png,5,"[(227, 23), (505, 524), (840, 665), (416, 39), (615, 163)]"
165,dataset/background\1146.png,5,"[(160, 359), (144, 235), (338, 164), (1, 367), (245, 490)]"
166,dataset/background\1147.png,1,"[(803, 296)]"
167,dataset/background\1148.png,3,"[(24, 30), (17, 254), (403, 120)]"
168,dataset/background\1149.png,5,"[(739, 405), (653, 173), (957, 303), (962, 595), (370, 53)]"
169,dataset/background\115.png,2,"[(271, 213), (1043, 186)]"
170,dataset/background\116.png,3,"[(214, 135), (486, 109), (239, 321)]"
171,dataset/background\117.png,5,"[(257, 130), (946, 604), (972, 528), (1007, 363), (952, 564)]"
172,dataset/background\118.png,2,"[(9, 51), (262, 246)]"
173,dataset/background\119.png,4,"[(600, 169), (213, 495), (847, 208), (312, 673)]"
174,dataset/background\12.png,1,"[(453, 349)]"
175,dataset/background\120.png,3,"[(297, 172), (159, 41), (214, 141)]"
176,dataset/background\121.png,4,"[(241, 565), (103, 442), (571, 600), (871, 503)]"
177,dataset/background\122.png,4,"[(40, 66), (246, 238), (102, 238), (235, 202)]"
178,dataset/background\123.png,5,"[(270, 668), (590, 70), (818, 504), (454, 296), (322, 653)]"
179,dataset/background\124.png,3,"[(278, 129), (224, 184), (129, 226)]"
180,dataset/background\125.png,3,"[(29, 511), (664, 462), (776, 432)]"
181,dataset/background\126.png,1,"[(141, 251)]"
182,dataset/background\127.png,1,"[(765, 232)]"
183,dataset/background\128.png,4,"[(69, 255), (215, 173), (134, 73), (40, 172)]"
184,dataset/background\129.png,3,"[(765, 81), (557, 341), (239, 492)]"
185,dataset/background\13.png,5,"[(348, 13), (1015, 250), (463, 278), (59, 72), (808, 567)]"
186,dataset/background\130.png,3,"[(294, 300), (187, 96), (154, 24)]"
187,dataset/background\131.png,3,"[(386, 572), (1044, 10), (1180, 106)]"
188,dataset/background\132.png,4,"[(313, 129), (329, 153), (300, 349), (100, 328)]"
189,dataset/background\133.png,4,"[(115, 106), (27, 588), (693, 241), (359, 393)]"
190,dataset/background\134.png,4,"[(128, 164), (248, 6), (247, 149), (1, 214)]"
191,dataset/background\135.png,4,"[(981, 432), (301, 530), (645, 153), (944, 413)]"
192,dataset/background\136.png,3,"[(63, 6), (225, 150), (372, 187)]"
193,dataset/background\137.png,1,"[(896, 148)]"
194,dataset/background\138.png,5,"[(291, 213), (253, 26), (278, 24), (113, 139), (251, 292)]"
195,dataset/background\139.png,1,"[(577, 229)]"
196,dataset/background\14.png,4,"[(401, 103), (41, 212), (425, 142), (152, 235)]"
197,dataset/background\140.png,2,"[(18, 132), (468, 108)]"
198,dataset/background\141.png,4,"[(536, 116), (18, 150), (741, 571), (1151, 91)]"
199,dataset/background\142.png,1,"[(93, 3)]"
200,dataset/background\143.png,3,"[(21, 366), (1132, 233), (365, 51)]"
201,dataset/background\144.png,4,"[(48, 167), (188, 5), (90, 48), (165, 144)]"
202,dataset/background\145.png,5,"[(861, 313), (683, 82), (519, 528), (68, 521), (1176, 233)]"
203,dataset/background\146.png,2,"[(40, 33), (24, 129)]"
204,dataset/background\147.png,5,"[(5, 207), (1135, 376), (1091, 261), (178, 248), (878, 626)]"
205,dataset/background\148.png,2,"[(482, 145), (293, 56)]"
206,dataset/background\149.png,2,"[(708, 554), (527, 663)]"
207,dataset/background\15.png,1,"[(764, 523)]"
208,dataset/background\150.png,4,"[(389, 326), (169, 52), (396, 171), (406, 14)]"
209,dataset/background\151.png,1,"[(796, 364)]"
210,dataset/background\152.png,4,"[(380, 48), (130, 232), (262, 88), (262, 302)]"
211,dataset/background\153.png,4,"[(1124, 64), (1064, 187), (920, 136), (335, 298)]"
212,dataset/background\154.png,4,"[(76, 234), (154, 326), (125, 338), (357, 97)]"
213,dataset/background\155.png,3,"[(645, 95), (469, 448), (1078, 296)]"
214,dataset/background\156.png,1,"[(14, 388)]"
215,dataset/background\157.png,5,"[(471, 86), (948, 89), (972, 177), (309, 397), (1191, 630)]"
216,dataset/background\158.png,5,"[(380, 324), (358, 252), (466, 17), (295, 20), (249, 135)]"
217,dataset/background\159.png,2,"[(690, 132), (47, 613)]"
218,dataset/background\16.png,3,"[(37, 159), (270, 133), (17, 31)]"
219,dataset/background\160.png,2,"[(352, 56), (296, 2)]"
220,dataset/background\161.png,4,"[(187, 442), (20, 82), (800, 286), (658, 210)]"
221,dataset/background\162.png,4,"[(202, 155), (71, 181), (136, 301), (489, 112)]"
222,dataset/background\163.png,3,"[(1059, 16), (971, 201), (707, 258)]"
223,dataset/background\164.png,3,"[(262, 137), (156, 116), (24, 128)]"
224,dataset/background\165.png,3,"[(409, 502), (135, 201), (1070, 76)]"
225,dataset/background\166.png,1,"[(41, 147)]"
226,dataset/background\167.png,5,"[(53, 617), (813, 363), (9, 671), (119, 181), (279, 567)]"
227,dataset/background\168.png,2,"[(65, 267), (242, 371)]"
228,dataset/background\169.png,1,"[(782, 644)]"
229,dataset/background\17.png,2,"[(588, 479), (1042, 33)]"
230,dataset/background\170.png,2,"[(321, 41), (111, 103)]"
231,dataset/background\171.png,2,"[(202, 557), (472, 270)]"
232,dataset/background\172.png,5,"[(116, 127), (475, 10), (27, 331), (134, 221), (370, 264)]"
233,dataset/background\173.png,3,"[(262, 640), (33, 21), (1194, 481)]"
234,dataset/background\174.png,1,"[(498, 42)]"
235,dataset/background\175.png,5,"[(931, 407), (62, 4), (40, 635), (144, 256), (415, 619)]"
236,dataset/background\176.png,3,"[(22, 51), (92, 22), (151, 378)]"
237,dataset/background\177.png,2,"[(285, 246), (600, 650)]"
238,dataset/background\178.png,5,"[(460, 350), (20, 334), (81, 312), (442, 315), (294, 261)]"
239,dataset/background\179.png,2,"[(494, 317), (96, 351)]"
240,dataset/background\18.png,1,"[(420, 278)]"
241,dataset/background\180.png,5,"[(158, 398), (311, 123), (109, 16), (248, 437), (318, 218)]"
242,dataset/background\181.png,2,"[(829, 312), (510, 663)]"
243,dataset/background\182.png,1,"[(43, 141)]"
244,dataset/background\183.png,2,"[(852, 366), (173, 548)]"
245,dataset/background\184.png,3,"[(278, 213), (34, 221), (59, 157)]"
246,dataset/background\185.png,1,"[(965, 134)]"
247,dataset/background\186.png,4,"[(63, 8), (415, 356), (410, 269), (238, 321)]"
248,dataset/background\187.png,1,"[(733, 408)]"
249,dataset/background\188.png,4,"[(70, 171), (186, 72), (169, 15), (192, 23)]"
250,dataset/background\189.png,3,"[(673, 653), (605, 143), (227, 262)]"
251,dataset/background\19.png,5,"[(912, 379), (169, 397), (84, 307), (455, 12), (607, 113)]"
252,dataset/background\190.png,2,"[(419, 261), (24, 54)]"
253,dataset/background\191.png,3,"[(852, 576), (1059, 535), (1196, 229)]"
254,dataset/background\192.png,2,"[(58, 282), (347, 193)]"
255,dataset/background\193.png,3,"[(338, 464), (1108, 573), (882, 451)]"
256,dataset/background\194.png,4,"[(70, 211), (106, 203), (35, 56), (110, 170)]"
257,dataset/background\195.png,3,"[(753, 482), (127, 291), (967, 488)]"
258,dataset/background\196.png,2,"[(179, 141), (226, 97)]"
259,dataset/background\197.png,2,"[(1008, 165), (58, 6)]"
260,dataset/background\198.png,2,"[(393, 397), (204, 211)]"
261,dataset/background\199.png,2,"[(428, 637), (1167, 442)]"
262,dataset/background\2.png,4,"[(62, 124), (105, 68), (6, 111), (81, 81)]"
263,dataset/background\20.png,4,"[(169, 196), (103, 232), (37, 200), (348, 311)]"
264,dataset/background\200.png,2,"[(320, 361), (85, 20)]"
265,dataset/background\201.png,2,"[(1153, 476), (308, 428)]"
266,dataset/background\202.png,4,"[(189, 7), (159, 83), (257, 45), (261, 186)]"
267,dataset/background\203.png,1,"[(129, 294)]"
268,dataset/background\204.png,4,"[(292, 20), (353, 161), (243, 165), (181, 158)]"
269,dataset/background\205.png,3,"[(1096, 257), (787, 584), (702, 112)]"
270,dataset/background\206.png,2,"[(233, 140), (69, 21)]"
271,dataset/background\207.png,5,"[(250, 612), (989, 406), (401, 106), (539, 230), (568, 250)]"
272,dataset/background\208.png,1,"[(232, 387)]"
273,dataset/background\209.png,2,"[(593, 207), (892, 139)]"
274,dataset/background\21.png,2,"[(364, 130), (748, 558)]"
275,dataset/background\210.png,2,"[(185, 267), (379, 44)]"
276,dataset/background\211.png,5,"[(726, 394), (226, 665), (564, 581), (362, 378), (274, 106)]"
277,dataset/background\212.png,3,"[(174, 150), (310, 164), (474, 16)]"
278,dataset/background\213.png,1,"[(7, 80)]"
279,dataset/background\214.png,1,"[(60, 45)]"
280,dataset/background\215.png,3,"[(33, 609), (140, 587), (85, 375)]"
281,dataset/background\216.png,2,"[(85, 48), (191, 110)]"
282,dataset/background\217.png,1,"[(503, 613)]"
283,dataset/background\218.png,2,"[(97, 14), (77, 24)]"
284,dataset/background\219.png,4,"[(1165, 227), (485, 120), (422, 610), (562, 576)]"
285,dataset/background\22.png,4,"[(217, 216), (17, 214), (44, 299), (176, 117)]"
286,dataset/background\220.png,5,"[(51, 145), (224, 252), (114, 68), (127, 63), (49, 49)]"
287,dataset/background\221.png,5,"[(905, 141), (346, 44), (1189, 374), (830, 242), (803, 19)]"
288,dataset/background\222.png,5,"[(225, 95), (1, 72), (374, 118), (187, 132), (342, 254)]"
289,dataset/background\223.png,1,"[(322, 79)]"
290,dataset/background\224.png,5,"[(130, 110), (11, 255), (213, 11), (60, 353), (222, 278)]"
291,dataset/background\225.png,4,"[(248, 229), (863, 142), (756, 217), (960, 357)]"
292,dataset/background\226.png,5,"[(52, 133), (278, 205), (285, 223), (159, 6), (66, 101)]"
293,dataset/background\227.png,5,"[(619, 26), (922, 388), (537, 671), (41, 386), (415, 233)]"
294,dataset/background\228.png,3,"[(23, 65), (144, 199), (420, 308)]"
295,dataset/background\229.png,5,"[(338, 554), (151, 434), (685, 24), (71, 382), (675, 414)]"
296,dataset/background\23.png,1,"[(669, 645)]"
297,dataset/background\230.png,1,"[(81, 204)]"
298,dataset/background\231.png,5,"[(526, 396), (446, 223), (166, 463), (1047, 44), (483, 586)]"
299,dataset/background\232.png,1,"[(58, 260)]"
300,dataset/background\233.png,4,"[(171, 130), (219, 357), (867, 497), (738, 473)]"
301,dataset/background\234.png,2,"[(227, 100), (57, 239)]"
302,dataset/background\235.png,1,"[(929, 360)]"
303,dataset/background\236.png,5,"[(282, 284), (0, 372), (144, 165), (405, 245), (494, 62)]"
304,dataset/background\237.png,1,"[(269, 434)]"
305,dataset/background\238.png,2,"[(404, 369), (145, 120)]"
306,dataset/background\239.png,2,"[(68, 490), (604, 29)]"
307,dataset/background\24.png,5,"[(265, 70), (98, 147), (412, 361), (362, 127), (17, 315)]"
308,dataset/background\240.png,2,"[(224, 57), (187, 221)]"
309,dataset/background\241.png,2,"[(644, 297), (149, 468)]"
310,dataset/background\242.png,4,"[(240, 4), (171, 46), (177, 173), (330, 95)]"
311,dataset/background\243.png,3,"[(111, 658), (269, 109), (653, 342)]"
312,dataset/background\244.png,4,"[(417, 115), (410, 4), (158, 240), (80, 256)]"
313,dataset/background\245.png,3,"[(237, 394), (1121, 625), (952, 460)]"
314,dataset/background\246.png,4,"[(195, 53), (71, 143), (172, 213), (80, 107)]"
315,dataset/background\247.png,2,"[(822, 157), (362, 459)]"
316,dataset/background\248.png,3,"[(303, 70), (393, 123), (191, 48)]"
317,dataset/background\249.png,3,"[(302, 268), (305, 370), (206, 590)]"
318,dataset/background\25.png,3,"[(785, 274), (282, 36), (489, 195)]"
319,dataset/background\250.png,5,"[(55, 156), (6, 24), (51, 168), (206, 64), (112, 230)]"
320,dataset/background\251.png,1,"[(1195, 214)]"
321,dataset/background\252.png,2,"[(152, 336), (267, 28)]"
322,dataset/background\253.png,3,"[(864, 598), (245, 457), (129, 505)]"
323,dataset/background\254.png,3,"[(358, 337), (29, 31), (6, 20)]"
324,dataset/background\255.png,5,"[(159, 44), (636, 319), (375, 186), (97, 330), (37, 630)]"
325,dataset/background\256.png,4,"[(342, 269), (154, 239), (357, 253), (158, 201)]"
326,dataset/background\257.png,3,"[(1171, 206), (601, 373), (120, 671)]"
327,dataset/background\258.png,3,"[(281, 95), (495, 230), (201, 370)]"
328,dataset/background\259.png,1,"[(918, 662)]"
329,dataset/background\26.png,1,"[(106, 153)]"
330,dataset/background\260.png,2,"[(8, 246), (239, 19)]"
331,dataset/background\261.png,3,"[(1177, 457), (401, 275), (798, 134)]"
332,dataset/background\262.png,1,"[(309, 116)]"
333,dataset/background\263.png,1,"[(663, 272)]"
334,dataset/background\264.png,5,"[(200, 265), (274, 244), (315, 59), (223, 149), (311, 89)]"
335,dataset/background\265.png,4,"[(828, 292), (920, 673), (127, 240), (1182, 601)]"
336,dataset/background\266.png,3,"[(176, 299), (443, 292), (374, 262)]"
337,dataset/background\267.png,3,"[(266, 63), (295, 609), (165, 352)]"
338,dataset/background\268.png,3,"[(126, 183), (154, 293), (94, 116)]"
339,dataset/background\269.png,3,"[(292, 384), (640, 264), (842, 416)]"
340,dataset/background\27.png,5,"[(1137, 548), (809, 407), (547, 342), (1142, 68), (1094, 76)]"
341,dataset/background\270.png,5,"[(57, 72), (211, 323), (442, 205), (13, 327), (426, 147)]"
342,dataset/background\271.png,5,"[(593, 4), (318, 278), (341, 368), (153, 70), (833, 498)]"
343,dataset/background\272.png,3,"[(180, 103), (63, 33), (158, 65)]"
344,dataset/background\273.png,3,"[(1094, 95), (1100, 613), (529, 306)]"
345,dataset/background\274.png,2,"[(172, 230), (335, 59)]"
346,dataset/background\275.png,5,"[(1120, 124), (1026, 105), (222, 309), (892, 338), (364, 286)]"
347,dataset/background\276.png,2,"[(170, 155), (421, 34)]"
348,dataset/background\277.png,1,"[(1043, 215)]"
349,dataset/background\278.png,2,"[(252, 401), (308, 113)]"
350,dataset/background\279.png,5,"[(525, 669), (499, 323), (1167, 522), (846, 88), (52, 245)]"
351,dataset/background\28.png,1,"[(80, 66)]"
352,dataset/background\280.png,3,"[(261, 47), (6, 83), (87, 38)]"
353,dataset/background\281.png,1,"[(306, 528)]"
354,dataset/background\282.png,2,"[(249, 274), (310, 159)]"
355,dataset/background\283.png,4,"[(1135, 184), (342, 619), (1111, 248), (1013, 41)]"
356,dataset/background\284.png,4,"[(288, 7), (110, 198), (84, 136), (49, 125)]"
357,dataset/background\285.png,4,"[(1013, 257), (755, 386), (322, 321), (794, 289)]"
358,dataset/background\286.png,4,"[(69, 394), (393, 226), (298, 163), (300, 357)]"
359,dataset/background\287.png,1,"[(594, 298)]"
360,dataset/background\288.png,4,"[(54, 386), (412, 317), (64, 154), (233, 167)]"
361,dataset/background\289.png,5,"[(180, 345), (913, 587), (1029, 402), (28, 566), (1188, 294)]"
362,dataset/background\29.png,1,"[(103, 636)]"
363,dataset/background\290.png,2,"[(197, 50), (10, 1)]"
364,dataset/background\291.png,3,"[(649, 105), (487, 214), (667, 628)]"
365,dataset/background\292.png,2,"[(11, 18), (454, 36)]"
366,dataset/background\293.png,5,"[(1096, 224), (636, 447), (790, 353), (750, 534), (136, 33)]"
367,dataset/background\294.png,1,"[(27, 173)]"
368,dataset/background\295.png,5,"[(604, 278), (36, 303), (515, 670), (849, 408), (432, 579)]"
369,dataset/background\296.png,3,"[(89, 57), (9, 194), (26, 208)]"
370,dataset/background\297.png,2,"[(320, 540), (618, 231)]"
371,dataset/background\298.png,1,"[(383, 318)]"
372,dataset/background\299.png,2,"[(690, 567), (597, 20)]"
373,dataset/background\3.png,2,"[(21, 389), (626, 282)]"
374,dataset/background\30.png,5,"[(463, 113), (69, 41), (212, 220), (3, 287), (200, 46)]"
375,dataset/background\300.png,2,"[(57, 343), (41, 65)]"
376,dataset/background\301.png,2,"[(105, 270), (434, 368)]"
377,dataset/background\302.png,5,"[(226, 218), (244, 10), (9, 20), (35, 140), (77, 68)]"
378,dataset/background\303.png,5,"[(1008, 504), (999, 625), (1179, 414), (356, 157), (621, 223)]"
379,dataset/background\304.png,3,"[(102, 134), (203, 58), (174, 44)]"
380,dataset/background\305.png,3,"[(366, 145), (932, 526), (690, 304)]"
381,dataset/background\306.png,5,"[(397, 78), (310, 80), (75, 0), (19, 247), (390, 207)]"
382,dataset/background\307.png,5,"[(1059, 19), (605, 479), (724, 249), (27, 114), (351, 394)]"
383,dataset/background\308.png,5,"[(175, 44), (403, 304), (209, 328), (53, 283), (188, 39)]"
384,dataset/background\309.png,3,"[(298, 217), (82, 516), (803, 525)]"
385,dataset/background\31.png,4,"[(1157, 243), (192, 66), (688, 509), (697, 91)]"
386,dataset/background\310.png,1,"[(243, 194)]"
387,dataset/background\311.png,1,"[(932, 383)]"
388,dataset/background\312.png,3,"[(188, 30), (213, 222), (179, 17)]"
389,dataset/background\313.png,3,"[(148, 439), (550, 198), (589, 660)]"
390,dataset/background\314.png,3,"[(274, 243), (292, 340), (392, 12)]"
391,dataset/background\315.png,1,"[(219, 10)]"
392,dataset/background\316.png,1,"[(339, 187)]"
393,dataset/background\317.png,1,"[(435, 249)]"
394,dataset/background\318.png,2,"[(377, 309), (352, 135)]"
395,dataset/background\319.png,3,"[(564, 964), (926, 621), (701, 857)]"
396,dataset/background\32.png,5,"[(187, 350), (481, 238), (286, 101), (394, 239), (347, 302)]"
397,dataset/background\320.png,4,"[(278, 261), (351, 174), (186, 474), (438, 263)]"
398,dataset/background\321.png,2,"[(1381, 645), (1037, 289)]"
399,dataset/background\322.png,5,"[(20, 195), (85, 212), (7, 328), (272, 0), (294, 204)]"
400,dataset/background\323.png,4,"[(350, 57), (156, 549), (863, 205), (1282, 341)]"
401,dataset/background\324.png,1,"[(171, 311)]"
402,dataset/background\325.png,3,"[(220, 13), (31, 20), (719, 75)]"
403,dataset/background\326.png,2,"[(432, 107), (366, 56)]"
404,dataset/background\327.png,4,"[(216, 907), (392, 538), (230, 107), (84, 200)]"
405,dataset/background\328.png,5,"[(461, 151), (487, 110), (408, 10), (273, 155), (158, 197)]"
406,dataset/background\329.png,3,"[(1283, 765), (57, 103), (575, 761)]"
407,dataset/background\33.png,2,"[(921, 232), (481, 342)]"
408,dataset/background\330.png,1,"[(209, 29)]"
409,dataset/background\331.png,3,"[(720, 218), (997, 973), (447, 519)]"
410,dataset/background\332.png,1,"[(183, 231)]"
411,dataset/background\333.png,5,"[(1083, 310), (178, 597), (735, 549), (92, 693), (110, 734)]"
412,dataset/background\334.png,4,"[(290, 191), (59, 37), (303, 83), (133, 161)]"
413,dataset/background\335.png,3,"[(1137, 315), (1164, 662), (304, 71)]"
414,dataset/background\336.png,5,"[(336, 301), (129, 16), (244, 94), (176, 188), (18, 1)]"
415,dataset/background\337.png,3,"[(1120, 444), (650, 164), (529, 727)]"
416,dataset/background\338.png,1,"[(336, 231)]"
417,dataset/background\339.png,4,"[(406, 163), (444, 363), (790, 320), (326, 835)]"
418,dataset/background\34.png,4,"[(232, 146), (238, 303), (188, 240), (300, 332)]"
419,dataset/background\340.png,2,"[(323, 176), (361, 203)]"
420,dataset/background\341.png,3,"[(1107, 121), (938, 361), (1207, 754)]"
421,dataset/background\342.png,1,"[(166, 218)]"
422,dataset/background\343.png,1,"[(1277, 485)]"
423,dataset/background\344.png,3,"[(449, 5), (134, 44), (311, 95)]"
424,dataset/background\345.png,1,"[(711, 631)]"
425,dataset/background\346.png,2,"[(291, 170), (257, 334)]"
426,dataset/background\347.png,2,"[(543, 580), (178, 751)]"
427,dataset/background\348.png,2,"[(167, 71), (20, 215)]"
428,dataset/background\349.png,1,"[(1365, 493)]"
429,dataset/background\35.png,5,"[(553, 3), (850, 608), (344, 504), (743, 176), (311, 247)]"
430,dataset/background\350.png,5,"[(288, 295), (492, 95), (422, 98), (198, 105), (106, 278)]"
431,dataset/background\351.png,2,"[(4, 505), (852, 139)]"
432,dataset/background\352.png,1,"[(195, 86)]"
433,dataset/background\353.png,4,"[(1269, 100), (463, 1019), (425, 183), (848, 594)]"
434,dataset/background\354.png,3,"[(151, 69), (202, 102), (84, 120)]"
435,dataset/background\355.png,2,"[(168, 439), (919, 454)]"
436,dataset/background\356.png,2,"[(187, 75), (380, 282)]"
437,dataset/background\357.png,3,"[(153, 175), (428, 482), (163, 16)]"
438,dataset/background\358.png,4,"[(145, 452), (177, 116), (362, 251), (211, 184)]"
439,dataset/background\359.png,2,"[(189, 685), (92, 73)]"
440,dataset/background\36.png,2,"[(76, 190), (176, 45)]"
441,dataset/background\360.png,1,"[(157, 140)]"
442,dataset/background\361.png,4,"[(4, 35), (1136, 121), (735, 820), (35, 215)]"
443,dataset/background\362.png,2,"[(152, 233), (156, 29)]"
444,dataset/background\363.png,4,"[(1135, 367), (979, 667), (1258, 284), (762, 482)]"
445,dataset/background\364.png,4,"[(24, 1), (214, 8), (83, 101), (24, 90)]"
446,dataset/background\365.png,5,"[(564, 801), (984, 415), (189, 233), (1386, 986), (710, 416)]"
447,dataset/background\366.png,2,"[(32, 45), (226, 147)]"
448,dataset/background\367.png,4,"[(1135, 483), (240, 817), (1166, 554), (217, 565)]"
449,dataset/background\368.png,2,"[(73, 95), (66, 67)]"
450,dataset/background\369.png,1,"[(964, 816)]"
451,dataset/background\37.png,4,"[(704, 498), (134, 503), (179, 8), (33, 567)]"
452,dataset/background\370.png,5,"[(61, 142), (23, 69), (213, 215), (192, 183), (166, 4)]"
453,dataset/background\371.png,2,"[(378, 218), (372, 891)]"
454,dataset/background\372.png,1,"[(489, 255)]"
455,dataset/background\373.png,3,"[(297, 84), (699, 1028), (735, 295)]"
456,dataset/background\374.png,2,"[(14, 287), (179, 134)]"
457,dataset/background\375.png,3,"[(132, 603), (44, 116), (554, 942)]"
458,dataset/background\376.png,2,"[(29, 31), (178, 315)]"
459,dataset/background\377.png,5,"[(94, 829), (409, 530), (1053, 714), (865, 682), (1126, 157)]"
460,dataset/background\378.png,2,"[(332, 192), (386, 51)]"
461,dataset/background\379.png,2,"[(834, 53), (778, 244)]"
462,dataset/background\38.png,5,"[(264, 288), (256, 311), (16, 282), (372, 33), (25, 29)]"
463,dataset/background\380.png,3,"[(400, 318), (244, 253), (362, 321)]"
464,dataset/background\381.png,5,"[(738, 883), (944, 39), (253, 649), (641, 947), (1340, 625)]"
465,dataset/background\382.png,2,"[(261, 0), (36, 117)]"
466,dataset/background\383.png,4,"[(431, 349), (944, 519), (1275, 739), (1003, 530)]"
467,dataset/background\384.png,3,"[(267, 118), (234, 19), (284, 269)]"
468,dataset/background\385.png,3,"[(865, 299), (1047, 371), (326, 103)]"
469,dataset/background\386.png,1,"[(233, 137)]"
470,dataset/background\387.png,4,"[(1138, 668), (890, 658), (573, 117), (838, 564)]"
471,dataset/background\388.png,1,"[(54, 47)]"
472,dataset/background\389.png,4,"[(441, 221), (1056, 734), (1217, 549), (843, 744)]"
473,dataset/background\39.png,1,"[(1045, 148)]"
474,dataset/background\390.png,3,"[(133, 139), (126, 151), (5, 120)]"
475,dataset/background\391.png,5,"[(614, 251), (201, 159), (1081, 239), (686, 730), (780, 740)]"
476,dataset/background\392.png,2,"[(311, 214), (355, 240)]"
477,dataset/background\393.png,5,"[(506, 1025), (750, 638), (438, 348), (1334, 374), (1113, 569)]"
478,dataset/background\394.png,4,"[(348, 279), (316, 330), (169, 318), (222, 74)]"
479,dataset/background\395.png,2,"[(70, 240), (72, 1028)]"
480,dataset/background\396.png,2,"[(295, 160), (388, 259)]"
481,dataset/background\397.png,4,"[(311, 119), (128, 429), (1003, 70), (1221, 154)]"
482,dataset/background\398.png,5,"[(29, 248), (173, 359), (57, 270), (20, 45), (169, 138)]"
483,dataset/background\399.png,1,"[(817, 876)]"
484,dataset/background\4.png,3,"[(168, 24), (61, 10), (153, 153)]"
485,dataset/background\40.png,5,"[(35, 1), (211, 367), (259, 298), (215, 255), (235, 176)]"
486,dataset/background\400.png,3,"[(124, 178), (98, 9), (128, 288)]"
487,dataset/background\401.png,3,"[(921, 598), (652, 563), (218, 448)]"
488,dataset/background\402.png,5,"[(91, 360), (267, 180), (273, 214), (433, 184), (330, 233)]"
489,dataset/background\403.png,2,"[(518, 27), (600, 457)]"
490,dataset/background\404.png,4,"[(178, 91), (192, 118), (79, 312), (164, 204)]"
491,dataset/background\405.png,5,"[(199, 970), (1269, 373), (730, 619), (551, 943), (160, 301)]"
492,dataset/background\406.png,4,"[(179, 270), (401, 275), (239, 120), (305, 10)]"
493,dataset/background\407.png,5,"[(1063, 177), (677, 275), (168, 579), (512, 853), (211, 884)]"
494,dataset/background\408.png,2,"[(173, 361), (108, 89)]"
495,dataset/background\409.png,3,"[(115, 219), (865, 154), (834, 829)]"
496,dataset/background\41.png,3,"[(131, 12), (611, 609), (965, 597)]"
497,dataset/background\410.png,4,"[(26, 113), (111, 184), (101, 0), (265, 190)]"
498,dataset/background\411.png,3,"[(247, 979), (521, 725), (535, 522)]"
499,dataset/background\412.png,5,"[(71, 131), (16, 372), (293, 366), (233, 341), (131, 69)]"
500,dataset/background\413.png,2,"[(1199, 100), (935, 478)]"
501,dataset/background\414.png,4,"[(434, 68), (57, 156), (343, 261), (488, 49)]"
502,dataset/background\415.png,4,"[(780, 298), (852, 392), (1170, 128), (772, 341)]"
503,dataset/background\416.png,4,"[(292, 319), (418, 28), (143, 197), (289, 338)]"
504,dataset/background\417.png,2,"[(1383, 108), (802, 524)]"
505,dataset/background\418.png,4,"[(36, 282), (157, 327), (13, 325), (37, 161)]"
506,dataset/background\419.png,4,"[(258, 692), (985, 104), (15, 278), (1053, 131)]"
507,dataset/background\42.png,5,"[(82, 170), (49, 120), (18, 53), (96, 142), (231, 65)]"
508,dataset/background\420.png,2,"[(126, 90), (42, 89)]"
509,dataset/background\421.png,4,"[(990, 513), (233, 492), (1296, 203), (250, 846)]"
510,dataset/background\422.png,5,"[(262, 168), (325, 242), (20, 95), (223, 95), (186, 158)]"
511,dataset/background\423.png,3,"[(1192, 631), (327, 367), (930, 645)]"
512,dataset/background\424.png,4,"[(172, 79), (17, 161), (103, 223), (185, 227)]"
513,dataset/background\425.png,5,"[(83, 251), (547, 259), (1350, 489), (746, 395), (639, 411)]"
514,dataset/background\426.png,3,"[(173, 222), (136, 316), (224, 19)]"
515,dataset/background\427.png,5,"[(343, 495), (529, 896), (826, 29), (799, 200), (1308, 951)]"
516,dataset/background\428.png,2,"[(159, 114), (232, 409)]"
517,dataset/background\429.png,3,"[(559, 246), (233, 135), (706, 401)]"
518,dataset/background\43.png,4,"[(902, 83), (1074, 160), (288, 416), (24, 540)]"
519,dataset/background\430.png,5,"[(102, 3), (147, 9), (201, 123), (49, 223), (124, 40)]"
520,dataset/background\431.png,4,"[(1304, 856), (753, 323), (740, 349), (485, 149)]"
521,dataset/background\432.png,3,"[(8, 146), (9, 215), (10, 131)]"
522,dataset/background\433.png,1,"[(870, 783)]"
523,dataset/background\434.png,2,"[(134, 21), (48, 41)]"
524,dataset/background\435.png,4,"[(693, 961), (802, 405), (1215, 219), (984, 490)]"
525,dataset/background\436.png,1,"[(178, 143)]"
526,dataset/background\437.png,2,"[(1252, 880), (1334, 880)]"
527,dataset/background\438.png,1,"[(46, 111)]"
528,dataset/background\439.png,1,"[(941, 426)]"
529,dataset/background\44.png,1,"[(23, 387)]"
530,dataset/background\440.png,5,"[(241, 373), (272, 53), (416, 240), (391, 91), (225, 112)]"
531,dataset/background\441.png,4,"[(302, 403), (1135, 1025), (1029, 36), (164, 929)]"
532,dataset/background\442.png,2,"[(239, 242), (164, 362)]"
533,dataset/background\443.png,5,"[(522, 774), (1116, 185), (1369, 543), (1302, 179), (183, 965)]"
534,dataset/background\444.png,4,"[(248, 61), (204, 56), (46, 64), (193, 55)]"
535,dataset/background\445.png,3,"[(88, 421), (536, 450), (1114, 78)]"
536,dataset/background\446.png,5,"[(84, 199), (457, 80), (54, 179), (377, 62), (340, 2)]"
537,dataset/background\447.png,2,"[(1015, 509), (35, 661)]"
538,dataset/background\448.png,3,"[(186, 145), (114, 34), (133, 139)]"
539,dataset/background\449.png,3,"[(750, 442), (1120, 954), (443, 263)]"
540,dataset/background\45.png,1,"[(263, 241)]"
541,dataset/background\450.png,3,"[(288, 70), (58, 219), (153, 19)]"
542,dataset/background\451.png,1,"[(892, 626)]"
543,dataset/background\452.png,3,"[(204, 339), (149, 397), (279, 429)]"
544,dataset/background\453.png,4,"[(294, 1015), (1192, 215), (26, 109), (1077, 451)]"
545,dataset/background\454.png,1,"[(10, 34)]"
546,dataset/background\455.png,2,"[(1240, 357), (1001, 894)]"
547,dataset/background\456.png,3,"[(399, 256), (129, 313), (481, 18)]"
548,dataset/background\457.png,4,"[(449, 292), (787, 808), (258, 68), (839, 1006)]"
549,dataset/background\458.png,2,"[(347, 346), (370, 163)]"
550,dataset/background\459.png,1,"[(110, 65)]"
551,dataset/background\46.png,3,"[(2, 55), (83, 21), (203, 89)]"
552,dataset/background\460.png,2,"[(203, 226), (152, 65)]"
553,dataset/background\461.png,5,"[(723, 259), (274, 532), (1176, 858), (470, 24), (739, 388)]"
554,dataset/background\462.png,5,"[(25, 253), (439, 353), (482, 369), (56, 163), (257, 194)]"
555,dataset/background\463.png,1,"[(681, 887)]"
556,dataset/background\464.png,5,"[(131, 227), (134, 73), (290, 92), (226, 98), (222, 20)]"
557,dataset/background\465.png,3,"[(1161, 833), (385, 958), (314, 333)]"
558,dataset/background\466.png,1,"[(334, 307)]"
559,dataset/background\467.png,4,"[(1100, 1015), (251, 603), (1031, 889), (474, 2)]"
560,dataset/background\468.png,3,"[(394, 235), (365, 340), (307, 115)]"
561,dataset/background\469.png,2,"[(355, 657), (520, 596)]"
562,dataset/background\47.png,3,"[(834, 394), (973, 271), (285, 604)]"
563,dataset/background\470.png,3,"[(215, 175), (301, 171), (459, 177)]"
564,dataset/background\471.png,3,"[(1267, 750), (961, 128), (344, 1034)]"
565,dataset/background\472.png,1,"[(134, 314)]"
566,dataset/background\473.png,2,"[(769, 595), (443, 902)]"
567,dataset/background\474.png,3,"[(62, 93), (341, 283), (118, 160)]"
568,dataset/background\475.png,3,"[(262, 393), (142, 469), (621, 926)]"
569,dataset/background\476.png,1,"[(234, 181)]"
570,dataset/background\477.png,5,"[(1222, 488), (86, 618), (305, 390), (172, 704), (415, 196)]"
571,dataset/background\478.png,4,"[(147, 414), (163, 204), (377, 354), (246, 315)]"
572,dataset/background\479.png,1,"[(699, 895)]"
573,dataset/background\48.png,1,"[(231, 189)]"
574,dataset/background\480.png,5,"[(195, 35), (41, 73), (100, 180), (74, 214), (99, 199)]"
575,dataset/background\481.png,2,"[(22, 424), (38, 763)]"
576,dataset/background\482.png,1,"[(291, 352)]"
577,dataset/background\483.png,2,"[(537, 331), (133, 1024)]"
578,dataset/background\484.png,3,"[(371, 305), (309, 53), (227, 31)]"
579,dataset/background\485.png,2,"[(34, 919), (321, 493)]"
580,dataset/background\486.png,1,"[(86, 319)]"
581,dataset/background\487.png,4,"[(354, 36), (213, 155), (582, 955), (293, 1016)]"
582,dataset/background\488.png,5,"[(23, 7), (22, 289), (104, 54), (393, 333), (354, 313)]"
583,dataset/background\489.png,5,"[(1074, 265), (540, 965), (21, 985), (766, 713), (1250, 500)]"
584,dataset/background\49.png,5,"[(265, 539), (852, 212), (971, 244), (779, 661), (988, 281)]"
585,dataset/background\490.png,3,"[(6, 37), (160, 11), (102, 8)]"
586,dataset/background\491.png,3,"[(988, 444), (272, 580), (295, 168)]"
587,dataset/background\492.png,2,"[(107, 46), (207, 229)]"
588,dataset/background\493.png,1,"[(692, 298)]"
589,dataset/background\494.png,4,"[(215, 144), (89, 453), (157, 391), (341, 219)]"
590,dataset/background\495.png,5,"[(433, 382), (749, 517), (303, 33), (40, 72), (1095, 243)]"
591,dataset/background\496.png,1,"[(411, 66)]"
592,dataset/background\497.png,3,"[(372, 902), (132, 897), (159, 269)]"
593,dataset/background\498.png,5,"[(115, 252), (303, 222), (138, 256), (444, 198), (221, 101)]"
594,dataset/background\499.png,2,"[(713, 88), (1190, 1000)]"
595,dataset/background\5.png,1,"[(988, 298)]"
596,dataset/background\50.png,2,"[(138, 246), (318, 353)]"
597,dataset/background\500.png,5,"[(366, 119), (203, 186), (192, 193), (362, 71), (279, 131)]"
598,dataset/background\501.png,4,"[(1156, 276), (337, 362), (1141, 853), (755, 338)]"
599,dataset/background\502.png,3,"[(354, 275), (359, 324), (343, 273)]"
600,dataset/background\503.png,4,"[(20, 902), (1290, 239), (884, 1001), (1137, 334)]"
601,dataset/background\504.png,1,"[(83, 321)]"
602,dataset/background\505.png,1,"[(599, 480)]"
603,dataset/background\506.png,5,"[(22, 485), (312, 18), (204, 319), (229, 369), (163, 269)]"
604,dataset/background\507.png,2,"[(400, 316), (492, 377)]"
605,dataset/background\508.png,2,"[(386, 220), (195, 83)]"
606,dataset/background\509.png,2,"[(1359, 282), (1319, 20)]"
607,dataset/background\51.png,2,"[(1070, 242), (917, 302)]"
608,dataset/background\510.png,4,"[(291, 284), (137, 153), (472, 263), (39, 91)]"
609,dataset/background\511.png,2,"[(988, 721), (1029, 923)]"
610,dataset/background\512.png,2,"[(52, 267), (289, 303)]"
611,dataset/background\513.png,4,"[(726, 540), (539, 13), (556, 314), (842, 665)]"
612,dataset/background\514.png,2,"[(293, 56), (194, 233)]"
613,dataset/background\515.png,3,"[(891, 539), (790, 298), (477, 551)]"
614,dataset/background\516.png,2,"[(239, 184), (112, 171)]"
615,dataset/background\517.png,4,"[(412, 87), (593, 698), (780, 868), (190, 535)]"
616,dataset/background\518.png,4,"[(203, 51), (278, 385), (62, 339), (222, 208)]"
617,dataset/background\519.png,2,"[(999, 322), (1077, 518)]"
618,dataset/background\52.png,3,"[(26, 231), (449, 109), (301, 164)]"
619,dataset/background\520.png,3,"[(243, 260), (79, 368), (122, 36)]"
620,dataset/background\521.png,1,"[(1085, 898)]"
621,dataset/background\522.png,4,"[(11, 84), (258, 149), (206, 65), (241, 29)]"
622,dataset/background\523.png,4,"[(47, 61), (61, 456), (1154, 36), (609, 352)]"
623,dataset/background\524.png,3,"[(87, 449), (341, 292), (382, 381)]"
624,dataset/background\525.png,3,"[(942, 342), (543, 325), (400, 267)]"
625,dataset/background\526.png,5,"[(233, 70), (0, 35), (371, 146), (265, 175), (118, 217)]"
626,dataset/background\527.png,3,"[(164, 560), (324, 433), (751, 207)]"
627,dataset/background\528.png,3,"[(186, 13), (245, 317), (8, 245)]"
628,dataset/background\529.png,1,"[(986, 283)]"
629,dataset/background\53.png,3,"[(658, 660), (434, 157), (1045, 667)]"
630,dataset/background\530.png,3,"[(1, 75), (295, 118), (202, 86)]"
631,dataset/background\531.png,3,"[(265, 64), (208, 303), (1, 298)]"
632,dataset/background\532.png,5,"[(69, 36), (98, 242), (155, 194), (220, 85), (20, 7)]"
633,dataset/background\533.png,1,"[(869, 410)]"
634,dataset/background\534.png,4,"[(79, 20), (133, 11), (61, 96), (3, 162)]"
635,dataset/background\535.png,3,"[(510, 550), (495, 146), (748, 124)]"
636,dataset/background\536.png,3,"[(179, 358), (30, 104), (219, 113)]"
637,dataset/background\537.png,3,"[(1255, 894), (1057, 523), (1063, 995)]"
638,dataset/background\538.png,2,"[(193, 300), (250, 38)]"
639,dataset/background\539.png,5,"[(1104, 466), (655, 218), (1298, 696), (990, 767), (1217, 600)]"
640,dataset/background\54.png,2,"[(168, 325), (3, 294)]"
641,dataset/background\540.png,5,"[(318, 162), (227, 140), (245, 41), (67, 209), (124, 173)]"
642,dataset/background\541.png,1,"[(1332, 448)]"
643,dataset/background\542.png,2,"[(303, 148), (37, 408)]"
644,dataset/background\543.png,4,"[(918, 237), (808, 835), (1111, 625), (995, 664)]"
645,dataset/background\544.png,5,"[(358, 218), (166, 14), (463, 310), (145, 17), (385, 247)]"
646,dataset/background\545.png,5,"[(557, 115), (1376, 175), (795, 916), (27, 801), (1237, 959)]"
647,dataset/background\546.png,5,"[(135, 51), (201, 5), (130, 259), (191, 191), (146, 263)]"
648,dataset/background\547.png,2,"[(944, 789), (587, 482)]"
649,dataset/background\548.png,1,"[(248, 40)]"
650,dataset/background\549.png,1,"[(90, 121)]"
651,dataset/background\55.png,3,"[(743, 248), (184, 243), (279, 162)]"
652,dataset/background\550.png,5,"[(346, 466), (189, 54), (414, 165), (352, 215), (221, 170)]"
653,dataset/background\551.png,5,"[(951, 577), (1299, 288), (336, 261), (65, 90), (1362, 1013)]"
654,dataset/background\552.png,2,"[(131, 106), (69, 110)]"
655,dataset/background\553.png,3,"[(1331, 124), (1379, 189), (764, 756)]"
656,dataset/background\554.png,5,"[(404, 287), (117, 215), (144, 21), (493, 114), (339, 51)]"
657,dataset/background\555.png,4,"[(415, 93), (576, 623), (437, 396), (1040, 153)]"
658,dataset/background\556.png,5,"[(310, 188), (347, 269), (366, 108), (362, 138), (40, 46)]"
659,dataset/background\557.png,4,"[(325, 414), (374, 58), (194, 345), (186, 107)]"
660,dataset/background\558.png,2,"[(113, 61), (72, 159)]"
661,dataset/background\559.png,1,"[(401, 694)]"
662,dataset/background\56.png,4,"[(81, 177), (158, 383), (113, 377), (65, 210)]"
663,dataset/background\560.png,5,"[(90, 53), (87, 125), (18, 104), (70, 29), (171, 96)]"
664,dataset/background\561.png,3,"[(1049, 739), (484, 957), (495, 908)]"
665,dataset/background\562.png,3,"[(164, 30), (209, 30), (120, 184)]"
666,dataset/background\563.png,4,"[(830, 422), (1332, 411), (434, 746), (186, 247)]"
667,dataset/background\564.png,2,"[(284, 226), (103, 368)]"
668,dataset/background\565.png,1,"[(658, 62)]"
669,dataset/background\566.png,1,"[(287, 247)]"
670,dataset/background\567.png,2,"[(45, 725), (834, 563)]"
671,dataset/background\568.png,5,"[(292, 340), (110, 176), (52, 349), (73, 91), (28, 246)]"
672,dataset/background\569.png,3,"[(951, 1024), (299, 40), (937, 203)]"
673,dataset/background\57.png,3,"[(146, 511), (849, 96), (143, 272)]"
674,dataset/background\570.png,2,"[(171, 212), (118, 11)]"
675,dataset/background\571.png,1,"[(992, 539)]"
676,dataset/background\572.png,1,"[(134, 13)]"
677,dataset/background\573.png,5,"[(740, 496), (818, 126), (737, 160), (982, 273), (433, 437)]"
678,dataset/background\574.png,5,"[(205, 92), (391, 261), (469, 400), (127, 303), (34, 64)]"
679,dataset/background\575.png,3,"[(129, 197), (425, 672), (1038, 244)]"
680,dataset/background\576.png,1,"[(216, 33)]"
681,dataset/background\577.png,3,"[(297, 412), (1252, 200), (647, 973)]"
682,dataset/background\578.png,2,"[(345, 23), (193, 46)]"
683,dataset/background\579.png,2,"[(453, 84), (357, 92)]"
684,dataset/background\58.png,3,"[(263, 227), (83, 98), (66, 35)]"
685,dataset/background\580.png,5,"[(206, 65), (465, 132), (214, 168), (290, 32), (470, 171)]"
686,dataset/background\581.png,1,"[(401, 904)]"
687,dataset/background\582.png,5,"[(240, 405), (162, 92), (50, 284), (136, 276), (334, 497)]"
688,dataset/background\583.png,5,"[(1079, 719), (668, 661), (289, 268), (621, 183), (285, 690)]"
689,dataset/background\584.png,3,"[(80, 121), (291, 62), (12, 181)]"
690,dataset/background\585.png,1,"[(499, 29)]"
691,dataset/background\586.png,5,"[(23, 312), (440, 295), (451, 79), (493, 342), (210, 68)]"
692,dataset/background\587.png,2,"[(1044, 165), (935, 209)]"
693,dataset/background\588.png,5,"[(383, 144), (28, 329), (415, 281), (17, 291), (197, 117)]"
694,dataset/background\589.png,3,"[(744, 307), (1146, 454), (820, 910)]"
695,dataset/background\59.png,5,"[(567, 549), (1000, 63), (235, 458), (58, 464), (547, 399)]"
696,dataset/background\590.png,4,"[(369, 90), (270, 327), (260, 428), (365, 271)]"
697,dataset/background\591.png,3,"[(515, 536), (450, 786), (985, 911)]"
698,dataset/background\592.png,5,"[(69, 132), (23, 201), (282, 146), (335, 2), (41, 91)]"
699,dataset/background\593.png,3,"[(111, 791), (605, 406), (1176, 247)]"
700,dataset/background\594.png,4,"[(366, 105), (449, 349), (321, 66), (436, 127)]"
701,dataset/background\595.png,1,"[(1335, 158)]"
702,dataset/background\596.png,4,"[(134, 259), (309, 250), (332, 95), (185, 330)]"
703,dataset/background\597.png,4,"[(715, 732), (41, 441), (170, 406), (364, 532)]"
704,dataset/background\598.png,5,"[(376, 286), (277, 201), (302, 194), (322, 276), (14, 54)]"
705,dataset/background\599.png,4,"[(1301, 156), (358, 911), (713, 791), (96, 381)]"
706,dataset/background\6.png,3,"[(184, 234), (466, 119), (211, 114)]"
707,dataset/background\60.png,2,"[(18, 111), (67, 241)]"
708,dataset/background\600.png,1,"[(44, 247)]"
709,dataset/background\601.png,1,"[(189, 304)]"
710,dataset/background\602.png,5,"[(430, 88), (395, 93), (460, 64), (475, 8), (146, 273)]"
711,dataset/background\603.png,5,"[(414, 392), (575, 214), (704, 899), (60, 164), (886, 1027)]"
712,dataset/background\604.png,1,"[(33, 88)]"
713,dataset/background\605.png,5,"[(468, 893), (160, 351), (1158, 234), (10, 793), (842, 271)]"
714,dataset/background\606.png,4,"[(179, 64), (180, 158), (247, 102), (166, 76)]"
715,dataset/background\607.png,5,"[(151, 486), (788, 1027), (138, 164), (623, 1039), (11, 547)]"
716,dataset/background\608.png,1,"[(257, 269)]"
717,dataset/background\609.png,1,"[(1221, 71)]"
718,dataset/background\61.png,1,"[(256, 264)]"
719,dataset/background\610.png,1,"[(54, 23)]"
720,dataset/background\611.png,5,"[(755, 383), (281, 551), (926, 666), (1160, 413), (1091, 114)]"
721,dataset/background\612.png,5,"[(331, 135), (165, 12), (114, 158), (381, 294), (255, 250)]"
722,dataset/background\613.png,3,"[(153, 378), (124, 655), (189, 155)]"
723,dataset/background\614.png,4,"[(28, 217), (132, 179), (75, 65), (210, 53)]"
724,dataset/background\615.png,5,"[(870, 414), (1012, 398), (1174, 825), (840, 476), (1090, 129)]"
725,dataset/background\616.png,3,"[(285, 231), (228, 107), (161, 114)]"
726,dataset/background\617.png,2,"[(542, 927), (442, 425)]"
727,dataset/background\618.png,2,"[(33, 204), (35, 264)]"
728,dataset/background\619.png,3,"[(467, 869), (945, 616), (996, 297)]"
729,dataset/background\62.png,4,"[(235, 360), (462, 238), (462, 371), (484, 270)]"
730,dataset/background\620.png,5,"[(157, 314), (85, 50), (51, 10), (375, 164), (456, 201)]"
731,dataset/background\621.png,4,"[(214, 398), (973, 443), (1086, 343), (1170, 934)]"
732,dataset/background\622.png,1,"[(359, 161)]"
733,dataset/background\623.png,2,"[(561, 21), (878, 87)]"
734,dataset/background\624.png,1,"[(263, 51)]"
735,dataset/background\625.png,2,"[(534, 889), (729, 735)]"
736,dataset/background\626.png,4,"[(131, 111), (153, 318), (9, 63), (204, 197)]"
737,dataset/background\627.png,1,"[(604, 612)]"
738,dataset/background\628.png,5,"[(313, 228), (288, 193), (282, 265), (69, 39), (73, 30)]"
739,dataset/background\629.png,3,"[(1063, 127), (1247, 779), (260, 435)]"
740,dataset/background\63.png,3,"[(375, 367), (1023, 204), (632, 49)]"
741,dataset/background\630.png,1,"[(116, 95)]"
742,dataset/background\631.png,3,"[(619, 951), (941, 619), (461, 720)]"
743,dataset/background\632.png,2,"[(28, 101), (34, 194)]"
744,dataset/background\633.png,2,"[(289, 272), (827, 4)]"
745,dataset/background\634.png,5,"[(206, 388), (251, 67), (177, 423), (5, 489), (60, 275)]"
746,dataset/background\635.png,4,"[(438, 853), (652, 182), (744, 679), (965, 318)]"
747,dataset/background\636.png,3,"[(241, 195), (278, 102), (61, 232)]"
748,dataset/background\637.png,5,"[(182, 109), (1076, 220), (699, 57), (1142, 63), (253, 405)]"
749,dataset/background\638.png,3,"[(355, 137), (185, 197), (228, 392)]"
750,dataset/background\639.png,3,"[(274, 94), (653, 462), (352, 124)]"
751,dataset/background\64.png,4,"[(235, 284), (295, 177), (45, 256), (165, 390)]"
752,dataset/background\640.png,4,"[(278, 96), (486, 176), (55, 47), (413, 67)]"
753,dataset/background\641.png,3,"[(1003, 125), (18, 565), (256, 429)]"
754,dataset/background\642.png,3,"[(354, 80), (108, 297), (215, 83)]"
755,dataset/background\643.png,3,"[(961, 232), (849, 876), (357, 915)]"
756,dataset/background\644.png,3,"[(225, 61), (292, 28), (63, 103)]"
757,dataset/background\645.png,1,"[(278, 279)]"
758,dataset/background\646.png,3,"[(16, 241), (298, 131), (132, 187)]"
759,dataset/background\647.png,1,"[(1552, 929)]"
760,dataset/background\648.png,2,"[(359, 325), (21, 358)]"
761,dataset/background\649.png,5,"[(995, 624), (869, 250), (1526, 873), (227, 165), (731, 885)]"
762,dataset/background\65.png,5,"[(670, 219), (233, 171), (724, 274), (448, 47), (781, 247)]"
763,dataset/background\650.png,3,"[(37, 197), (13, 274), (233, 102)]"
764,dataset/background\651.png,1,"[(654, 537)]"
765,dataset/background\652.png,5,"[(99, 63), (88, 264), (200, 312), (301, 318), (384, 267)]"
766,dataset/background\653.png,4,"[(116, 18), (129, 1575), (1937, 930), (423, 398)]"
767,dataset/background\654.png,5,"[(96, 169), (366, 321), (357, 153), (442, 123), (111, 243)]"
768,dataset/background\655.png,3,"[(441, 800), (685, 1150), (0, 347)]"
769,dataset/background\656.png,4,"[(37, 64), (11, 10), (65, 64), (44, 66)]"
770,dataset/background\657.png,5,"[(923, 1392), (1692, 434), (1510, 1510), (1760, 858), (1047, 1180)]"
771,dataset/background\658.png,5,"[(130, 134), (495, 119), (339, 269), (206, 307), (24, 128)]"
772,dataset/background\659.png,1,"[(599, 1849)]"
773,dataset/background\66.png,2,"[(9, 113), (261, 24)]"
774,dataset/background\660.png,2,"[(382, 242), (65, 167)]"
775,dataset/background\661.png,2,"[(1621, 1901), (947, 745)]"
776,dataset/background\662.png,3,"[(138, 364), (39, 331), (292, 130)]"
777,dataset/background\663.png,1,"[(1600, 1231)]"
778,dataset/background\664.png,2,"[(232, 164), (260, 258)]"
779,dataset/background\665.png,2,"[(1438, 1213), (101, 697)]"
780,dataset/background\666.png,3,"[(72, 58), (180, 94), (83, 164)]"
781,dataset/background\667.png,4,"[(624, 531), (146, 99), (95, 650), (374, 624)]"
782,dataset/background\668.png,2,"[(25, 370), (228, 188)]"
783,dataset/background\669.png,4,"[(1175, 424), (1118, 368), (820, 268), (119, 285)]"
784,dataset/background\67.png,2,"[(619, 520), (754, 320)]"
785,dataset/background\670.png,5,"[(64, 69), (48, 102), (160, 88), (77, 54), (107, 170)]"
786,dataset/background\671.png,1,"[(361, 529)]"
787,dataset/background\672.png,2,"[(340, 239), (394, 168)]"
788,dataset/background\673.png,4,"[(265, 1048), (2537, 123), (284, 1387), (1756, 1619)]"
789,dataset/background\674.png,2,"[(318, 9), (351, 160)]"
790,dataset/background\675.png,1,"[(1005, 622)]"
791,dataset/background\676.png,5,"[(373, 349), (457, 253), (438, 169), (485, 379), (380, 141)]"
792,dataset/background\677.png,5,"[(2358, 342), (981, 1175), (2378, 1261), (1152, 168), (403, 1872)]"
793,dataset/background\678.png,4,"[(45, 102), (97, 52), (442, 119), (412, 274)]"
794,dataset/background\679.png,5,"[(1644, 494), (58, 504), (1582, 1583), (2181, 1346), (167, 1472)]"
795,dataset/background\68.png,4,"[(232, 190), (25, 47), (463, 345), (326, 153)]"
796,dataset/background\680.png,2,"[(213, 45), (94, 457)]"
797,dataset/background\681.png,1,"[(1529, 277)]"
798,dataset/background\682.png,3,"[(61, 2), (131, 162), (51, 247)]"
799,dataset/background\683.png,4,"[(197, 404), (199, 666), (808, 742), (1242, 389)]"
800,dataset/background\684.png,2,"[(375, 124), (296, 300)]"
801,dataset/background\685.png,4,"[(683, 407), (202, 477), (674, 719), (874, 642)]"
802,dataset/background\686.png,1,"[(99, 148)]"
803,dataset/background\687.png,4,"[(345, 659), (1223, 727), (696, 335), (1257, 295)]"
804,dataset/background\688.png,5,"[(226, 178), (0, 234), (97, 118), (294, 33), (275, 66)]"
805,dataset/background\689.png,2,"[(412, 695), (669, 672)]"
806,dataset/background\69.png,4,"[(683, 33), (787, 391), (68, 192), (106, 575)]"
807,dataset/background\690.png,4,"[(367, 240), (81, 63), (234, 178), (477, 390)]"
808,dataset/background\691.png,3,"[(559, 666), (739, 278), (798, 163)]"
809,dataset/background\692.png,1,"[(186, 207)]"
810,dataset/background\693.png,4,"[(1000, 614), (738, 644), (1147, 231), (646, 517)]"
811,dataset/background\694.png,1,"[(290, 200)]"
812,dataset/background\695.png,2,"[(1041, 548), (707, 284)]"
813,dataset/background\696.png,5,"[(26, 178), (15, 226), (5, 212), (166, 203), (33, 83)]"
814,dataset/background\697.png,2,"[(737, 824), (725, 863)]"
815,dataset/background\698.png,3,"[(475, 233), (99, 86), (394, 285)]"
816,dataset/background\699.png,2,"[(513, 889), (318, 309)]"
817,dataset/background\7.png,5,"[(792, 218), (259, 658), (259, 648), (38, 316), (253, 90)]"
818,dataset/background\70.png,2,"[(131, 47), (463, 51)]"
819,dataset/background\700.png,3,"[(231, 253), (319, 445), (485, 131)]"
820,dataset/background\701.png,1,"[(642, 114)]"
821,dataset/background\702.png,4,"[(110, 261), (158, 292), (300, 210), (108, 116)]"
822,dataset/background\703.png,4,"[(627, 923), (590, 140), (749, 403), (611, 353)]"
823,dataset/background\704.png,5,"[(113, 3), (309, 78), (191, 211), (171, 222), (352, 345)]"
824,dataset/background\705.png,3,"[(515, 747), (905, 217), (892, 713)]"
825,dataset/background\706.png,1,"[(301, 221)]"
826,dataset/background\707.png,4,"[(216, 669), (301, 502), (359, 315), (577, 339)]"
827,dataset/background\708.png,1,"[(333, 108)]"
828,dataset/background\709.png,3,"[(460, 86), (86, 165), (48, 276)]"
829,dataset/background\71.png,5,"[(65, 575), (641, 43), (621, 66), (64, 363), (164, 468)]"
830,dataset/background\710.png,1,"[(5, 331)]"
831,dataset/background\711.png,4,"[(786, 42), (781, 718), (570, 118), (849, 460)]"
832,dataset/background\712.png,3,"[(40, 205), (80, 35), (117, 164)]"
833,dataset/background\713.png,4,"[(370, 673), (143, 200), (872, 465), (652, 369)]"
834,dataset/background\714.png,1,"[(245, 245)]"
835,dataset/background\715.png,1,"[(156, 300)]"
836,dataset/background\716.png,5,"[(227, 318), (221, 103), (29, 10), (0, 74), (111, 284)]"
837,dataset/background\717.png,2,"[(39, 281), (93, 626)]"
838,dataset/background\718.png,5,"[(31, 100), (370, 31), (14, 232), (350, 188), (325, 257)]"
839,dataset/background\719.png,1,"[(128, 819)]"
840,dataset/background\72.png,2,"[(376, 330), (16, 144)]"
841,dataset/background\720.png,1,"[(429, 245)]"
842,dataset/background\721.png,3,"[(823, 567), (948, 483), (536, 0)]"
843,dataset/background\722.png,4,"[(72, 73), (392, 81), (315, 165), (255, 154)]"
844,dataset/background\723.png,4,"[(544, 680), (335, 148), (447, 506), (842, 300)]"
845,dataset/background\724.png,4,"[(126, 34), (133, 161), (252, 254), (176, 154)]"
846,dataset/background\725.png,2,"[(752, 320), (1138, 554)]"
847,dataset/background\726.png,5,"[(21, 175), (110, 264), (126, 216), (133, 35), (156, 265)]"
848,dataset/background\727.png,4,"[(330, 817), (1079, 595), (556, 918), (335, 44)]"
849,dataset/background\728.png,2,"[(60, 304), (428, 305)]"
850,dataset/background\729.png,2,"[(410, 412), (600, 192)]"
851,dataset/background\73.png,3,"[(382, 189), (27, 610), (405, 110)]"
852,dataset/background\730.png,4,"[(191, 252), (149, 339), (146, 14), (389, 324)]"
853,dataset/background\731.png,3,"[(279, 150), (1042, 375), (468, 844)]"
854,dataset/background\732.png,3,"[(11, 171), (0, 113), (226, 328)]"
855,dataset/background\733.png,3,"[(630, 170), (527, 383), (346, 295)]"
856,dataset/background\734.png,3,"[(107, 345), (3, 359), (87, 36)]"
857,dataset/background\735.png,4,"[(890, 260), (574, 469), (404, 281), (130, 529)]"
858,dataset/background\736.png,1,"[(290, 27)]"
859,dataset/background\737.png,4,"[(730, 248), (106, 176), (508, 474), (202, 368)]"
860,dataset/background\738.png,2,"[(69, 37), (21, 45)]"
861,dataset/background\739.png,4,"[(483, 609), (801, 1084), (1527, 1522), (194, 622)]"
862,dataset/background\74.png,4,"[(171, 127), (294, 3), (256, 252), (75, 123)]"
863,dataset/background\740.png,3,"[(352, 264), (439, 326), (135, 282)]"
864,dataset/background\741.png,5,"[(1521, 413), (208, 284), (863, 379), (452, 660), (1163, 618)]"
865,dataset/background\742.png,5,"[(30, 172), (62, 253), (10, 138), (179, 255), (139, 214)]"
866,dataset/background\743.png,1,"[(48, 186)]"
867,dataset/background\744.png,1,"[(376, 334)]"
868,dataset/background\745.png,4,"[(482, 774), (1895, 17), (1737, 100), (1013, 1771)]"
869,dataset/background\746.png,5,"[(263, 334), (258, 90), (251, 276), (48, 152), (436, 52)]"
870,dataset/background\747.png,2,"[(1915, 167), (141, 552)]"
871,dataset/background\748.png,1,"[(103, 338)]"
872,dataset/background\749.png,4,"[(886, 1007), (517, 791), (644, 51), (197, 1042)]"
873,dataset/background\75.png,1,"[(62, 663)]"
874,dataset/background\750.png,2,"[(14, 124), (233, 193)]"
875,dataset/background\751.png,2,"[(1911, 600), (194, 1682)]"
876,dataset/background\752.png,5,"[(301, 253), (242, 419), (278, 135), (47, 59), (277, 168)]"
877,dataset/background\753.png,3,"[(313, 322), (153, 868), (861, 549)]"
878,dataset/background\754.png,2,"[(318, 489), (403, 261)]"
879,dataset/background\755.png,1,"[(13, 405)]"
880,dataset/background\756.png,3,"[(259, 143), (344, 51), (285, 136)]"
881,dataset/background\757.png,3,"[(866, 666), (270, 478), (731, 549)]"
882,dataset/background\758.png,4,"[(316, 125), (105, 92), (51, 26), (171, 446)]"
883,dataset/background\759.png,4,"[(966, 367), (891, 281), (209, 79), (906, 529)]"
884,dataset/background\76.png,2,"[(25, 37), (213, 178)]"
885,dataset/background\760.png,3,"[(99, 129), (35, 206), (181, 37)]"
886,dataset/background\761.png,5,"[(660, 382), (77, 407), (1175, 40), (211, 243), (112, 75)]"
887,dataset/background\762.png,4,"[(350, 457), (11, 179), (292, 359), (104, 66)]"
888,dataset/background\763.png,4,"[(419, 475), (518, 359), (410, 616), (903, 906)]"
889,dataset/background\764.png,5,"[(246, 196), (204, 47), (172, 257), (65, 190), (51, 3)]"
890,dataset/background\765.png,4,"[(234, 479), (1238, 195), (90, 188), (990, 313)]"
891,dataset/background\766.png,3,"[(396, 32), (386, 372), (375, 21)]"
892,dataset/background\767.png,1,"[(670, 489)]"
893,dataset/background\768.png,1,"[(39, 50)]"
894,dataset/background\769.png,1,"[(415, 110)]"
895,dataset/background\77.png,2,"[(1025, 339), (85, 601)]"
896,dataset/background\770.png,3,"[(141, 493), (375, 392), (273, 75)]"
897,dataset/background\771.png,5,"[(774, 897), (509, 352), (932, 632), (670, 87), (734, 513)]"
898,dataset/background\772.png,2,"[(228, 213), (126, 274)]"
899,dataset/background\773.png,5,"[(860, 473), (254, 660), (132, 148), (100, 722), (1088, 523)]"
900,dataset/background\774.png,3,"[(166, 280), (253, 68), (73, 138)]"
901,dataset/background\775.png,5,"[(735, 293), (996, 514), (1162, 445), (0, 264), (445, 599)]"
902,dataset/background\776.png,4,"[(158, 170), (5, 225), (79, 215), (18, 25)]"
903,dataset/background\777.png,3,"[(229, 478), (515, 436), (480, 849)]"
904,dataset/background\778.png,5,"[(227, 495), (478, 30), (307, 162), (13, 403), (489, 251)]"
905,dataset/background\779.png,5,"[(902, 200), (584, 275), (823, 61), (21, 177), (718, 271)]"
906,dataset/background\78.png,3,"[(183, 70), (170, 117), (353, 287)]"
907,dataset/background\780.png,5,"[(23, 306), (124, 13), (120, 64), (74, 30), (47, 195)]"
908,dataset/background\781.png,3,"[(20, 147), (35, 51), (1088, 667)]"
909,dataset/background\782.png,3,"[(300, 337), (419, 370), (125, 241)]"
910,dataset/background\783.png,2,"[(1365, 568), (305, 1020)]"
911,dataset/background\784.png,3,"[(369, 362), (211, 49), (189, 389)]"
912,dataset/background\785.png,2,"[(1374, 314), (257, 651)]"
913,dataset/background\786.png,4,"[(390, 355), (285, 94), (165, 142), (388, 80)]"
914,dataset/background\787.png,2,"[(1418, 74), (527, 731)]"
915,dataset/background\788.png,2,"[(27, 326), (397, 339)]"
916,dataset/background\789.png,5,"[(1658, 782), (2500, 203), (1594, 550), (1604, 81), (2075, 1095)]"
917,dataset/background\79.png,5,"[(1107, 15), (695, 25), (239, 513), (613, 557), (344, 17)]"
918,dataset/background\790.png,3,"[(317, 192), (336, 40), (157, 130)]"
919,dataset/background\791.png,5,"[(1315, 1532), (257, 901), (760, 1399), (1094, 303), (1561, 130)]"
920,dataset/background\792.png,3,"[(350, 250), (270, 46), (23, 193)]"
921,dataset/background\793.png,1,"[(985, 1726)]"
922,dataset/background\794.png,5,"[(208, 112), (67, 100), (7, 137), (203, 60), (11, 123)]"
923,dataset/background\795.png,4,"[(1672, 501), (273, 702), (1022, 786), (828, 1618)]"
924,dataset/background\796.png,1,"[(192, 54)]"
925,dataset/background\797.png,3,"[(1204, 1195), (1984, 1850), (1099, 1074)]"
926,dataset/background\798.png,3,"[(152, 60), (203, 392), (227, 383)]"
927,dataset/background\799.png,2,"[(1773, 33), (1174, 1413)]"
928,dataset/background\8.png,4,"[(10, 178), (56, 385), (442, 114), (163, 471)]"
929,dataset/background\80.png,1,"[(26, 59)]"
930,dataset/background\800.png,5,"[(328, 90), (38, 9), (350, 97), (191, 92), (149, 18)]"
931,dataset/background\801.png,4,"[(943, 366), (880, 463), (763, 295), (235, 557)]"
932,dataset/background\802.png,4,"[(242, 195), (298, 193), (144, 175), (139, 350)]"
933,dataset/background\803.png,5,"[(114, 764), (614, 542), (1107, 923), (608, 1343), (1861, 1332)]"
934,dataset/background\804.png,4,"[(438, 158), (341, 159), (369, 73), (486, 326)]"
935,dataset/background\805.png,5,"[(1363, 416), (1836, 1732), (1296, 840), (372, 201), (1937, 500)]"
936,dataset/background\806.png,4,"[(37, 2), (58, 96), (190, 173), (26, 215)]"
937,dataset/background\807.png,1,"[(33, 584)]"
938,dataset/background\808.png,2,"[(154, 217), (15, 363)]"
939,dataset/background\809.png,5,"[(74, 1505), (877, 323), (897, 823), (116, 829), (947, 521)]"
940,dataset/background\81.png,3,"[(420, 599), (1006, 271), (505, 209)]"
941,dataset/background\810.png,3,"[(4, 260), (20, 387), (408, 447)]"
942,dataset/background\811.png,1,"[(1083, 976)]"
943,dataset/background\812.png,5,"[(60, 122), (169, 110), (83, 88), (51, 68), (119, 131)]"
944,dataset/background\813.png,3,"[(1506, 1781), (1687, 611), (2028, 1894)]"
945,dataset/background\814.png,5,"[(366, 19), (258, 236), (421, 181), (59, 65), (442, 275)]"
946,dataset/background\815.png,1,"[(269, 851)]"
947,dataset/background\816.png,4,"[(26, 14), (58, 17), (50, 110), (27, 20)]"
948,dataset/background\817.png,4,"[(777, 1395), (2328, 723), (430, 433), (92, 1362)]"
949,dataset/background\818.png,1,"[(2, 298)]"
950,dataset/background\819.png,5,"[(1512, 1556), (130, 10), (491, 1295), (425, 4), (552, 749)]"
951,dataset/background\82.png,3,"[(221, 42), (43, 59), (23, 79)]"
952,dataset/background\820.png,4,"[(283, 364), (209, 351), (175, 314), (370, 239)]"
953,dataset/background\821.png,2,"[(1353, 295), (2190, 393)]"
954,dataset/background\822.png,3,"[(231, 46), (225, 274), (125, 199)]"
955,dataset/background\823.png,1,"[(545, 21)]"
956,dataset/background\824.png,4,"[(405, 266), (469, 346), (356, 73), (41, 131)]"
957,dataset/background\825.png,1,"[(61, 607)]"
958,dataset/background\826.png,5,"[(70, 97), (352, 393), (152, 175), (303, 215), (6, 196)]"
959,dataset/background\827.png,2,"[(670, 151), (404, 222)]"
960,dataset/background\828.png,1,"[(38, 198)]"
961,dataset/background\829.png,5,"[(172, 847), (163, 389), (1260, 401), (869, 291), (55, 214)]"
962,dataset/background\83.png,5,"[(321, 263), (78, 39), (429, 298), (173, 11), (1043, 186)]"
963,dataset/background\830.png,3,"[(289, 51), (4, 21), (398, 160)]"
964,dataset/background\831.png,2,"[(136, 376), (174, 142)]"
965,dataset/background\832.png,2,"[(10, 18), (385, 326)]"
966,dataset/background\833.png,4,"[(885, 451), (1245, 378), (803, 511), (993, 58)]"
967,dataset/background\834.png,1,"[(477, 282)]"
968,dataset/background\835.png,2,"[(592, 587), (1134, 817)]"
969,dataset/background\836.png,3,"[(223, 298), (294, 117), (233, 244)]"
970,dataset/background\837.png,1,"[(460, 879)]"
971,dataset/background\838.png,3,"[(281, 349), (319, 475), (223, 106)]"
972,dataset/background\839.png,5,"[(1920, 508), (2403, 454), (586, 1090), (1382, 1336), (1251, 1251)]"
973,dataset/background\84.png,3,"[(253, 113), (29, 414), (145, 13)]"
974,dataset/background\840.png,3,"[(231, 100), (202, 237), (220, 115)]"
975,dataset/background\841.png,2,"[(2499, 761), (1984, 1553)]"
976,dataset/background\842.png,3,"[(246, 113), (117, 211), (299, 111)]"
977,dataset/background\843.png,3,"[(2159, 216), (1360, 311), (1320, 1861)]"
978,dataset/background\844.png,3,"[(331, 423), (264, 497), (0, 211)]"
979,dataset/background\845.png,4,"[(325, 145), (1040, 514), (1133, 494), (1019, 306)]"
980,dataset/background\846.png,3,"[(446, 27), (33, 307), (289, 21)]"
981,dataset/background\847.png,1,"[(1059, 1528)]"
982,dataset/background\848.png,1,"[(244, 6)]"
983,dataset/background\849.png,5,"[(1134, 104), (596, 949), (496, 796), (180, 722), (643, 221)]"
984,dataset/background\85.png,4,"[(751, 593), (82, 284), (91, 100), (698, 116)]"
985,dataset/background\850.png,4,"[(455, 27), (459, 49), (78, 164), (480, 121)]"
986,dataset/background\851.png,5,"[(436, 625), (591, 628), (757, 623), (456, 508), (806, 363)]"
987,dataset/background\852.png,3,"[(135, 330), (395, 81), (141, 137)]"
988,dataset/background\853.png,5,"[(211, 430), (462, 245), (1088, 828), (820, 505), (1256, 269)]"
989,dataset/background\854.png,5,"[(204, 45), (288, 431), (102, 323), (99, 99), (190, 362)]"
990,dataset/background\855.png,1,"[(865, 892)]"
991,dataset/background\856.png,3,"[(112, 242), (119, 195), (106, 321)]"
992,dataset/background\857.png,5,"[(1088, 438), (335, 599), (38, 932), (804, 262), (351, 518)]"
993,dataset/background\858.png,5,"[(177, 192), (250, 3), (29, 153), (230, 75), (221, 200)]"
994,dataset/background\859.png,1,"[(927, 640)]"
995,dataset/background\86.png,3,"[(328, 151), (118, 37), (261, 300)]"
996,dataset/background\860.png,5,"[(3, 52), (472, 35), (304, 70), (34, 245), (200, 190)]"
997,dataset/background\861.png,5,"[(215, 237), (664, 822), (1210, 382), (658, 235), (1236, 792)]"
998,dataset/background\862.png,5,"[(153, 380), (158, 172), (166, 239), (49, 203), (16, 159)]"
999,dataset/background\863.png,4,"[(368, 315), (909, 309), (411, 33), (920, 600)]"
1000,dataset/background\864.png,1,"[(147, 395)]"
1001,dataset/background\865.png,2,"[(159, 230), (906, 933)]"
1002,dataset/background\866.png,4,"[(134, 409), (160, 269), (446, 33), (172, 421)]"
1003,dataset/background\867.png,1,"[(731, 36)]"
1004,dataset/background\868.png,4,"[(174, 258), (123, 62), (195, 215), (91, 268)]"
1005,dataset/background\869.png,2,"[(827, 821), (951, 160)]"
1006,dataset/background\87.png,5,"[(487, 396), (849, 86), (1019, 32), (91, 305), (1144, 668)]"
1007,dataset/background\870.png,2,"[(128, 79), (85, 172)]"
1008,dataset/background\871.png,5,"[(765, 433), (439, 125), (148, 705), (781, 128), (73, 121)]"
1009,dataset/background\872.png,4,"[(71, 216), (20, 10), (345, 360), (352, 190)]"
1010,dataset/background\873.png,1,"[(213, 592)]"
1011,dataset/background\874.png,4,"[(489, 248), (178, 242), (420, 228), (499, 284)]"
1012,dataset/background\875.png,2,"[(1409, 638), (2353, 27)]"
1013,dataset/background\876.png,1,"[(4, 47)]"
1014,dataset/background\877.png,3,"[(528, 843), (972, 551), (2292, 233)]"
1015,dataset/background\878.png,5,"[(53, 32), (12, 13), (10, 153), (93, 191), (0, 135)]"
1016,dataset/background\879.png,2,"[(1123, 600), (2158, 1256)]"
1017,dataset/background\88.png,4,"[(367, 11), (95, 363), (372, 326), (251, 32)]"
1018,dataset/background\880.png,4,"[(152, 101), (212, 193), (150, 222), (79, 100)]"
1019,dataset/background\881.png,4,"[(1368, 1125), (91, 776), (344, 1129), (290, 83)]"
1020,dataset/background\882.png,5,"[(226, 278), (92, 12), (221, 302), (282, 112), (118, 54)]"
1021,dataset/background\883.png,3,"[(1407, 737), (2421, 1706), (1602, 1631)]"
1022,dataset/background\884.png,5,"[(352, 1390), (1163, 625), (185, 918), (1644, 1003), (1140, 1814)]"
1023,dataset/background\885.png,3,"[(964, 1856), (2342, 351), (338, 501)]"
1024,dataset/background\886.png,1,"[(176, 243)]"
1025,dataset/background\887.png,4,"[(636, 86), (721, 290), (70, 385), (360, 660)]"
1026,dataset/background\888.png,3,"[(32, 324), (1, 344), (248, 101)]"
1027,dataset/background\889.png,5,"[(497, 504), (50, 435), (1136, 464), (823, 507), (769, 375)]"
1028,dataset/background\89.png,4,"[(877, 68), (623, 293), (247, 345), (791, 629)]"
1029,dataset/background\890.png,1,"[(799, 1229)]"
1030,dataset/background\891.png,1,"[(2488, 1029)]"
1031,dataset/background\892.png,5,"[(430, 53), (936, 1801), (1516, 670), (766, 126), (307, 1327)]"
1032,dataset/background\893.png,3,"[(232, 952), (1507, 1176), (694, 136)]"
1033,dataset/background\894.png,5,"[(1761, 1050), (411, 838), (299, 1278), (634, 1215), (405, 1622)]"
1034,dataset/background\895.png,5,"[(1464, 1327), (563, 649), (448, 1547), (1898, 758), (2433, 1864)]"
1035,dataset/background\896.png,2,"[(217, 229), (1114, 583)]"
1036,dataset/background\897.png,1,"[(734, 161)]"
1037,dataset/background\898.png,1,"[(992, 56)]"
1038,dataset/background\899.png,4,"[(951, 531), (527, 49), (941, 403), (316, 549)]"
1039,dataset/background\9.png,4,"[(890, 58), (1148, 569), (710, 248), (43, 668)]"
1040,dataset/background\90.png,3,"[(34, 16), (477, 193), (445, 186)]"
1041,dataset/background\900.png,5,"[(138, 102), (165, 142), (203, 273), (381, 269), (334, 314)]"
1042,dataset/background\901.png,2,"[(837, 554), (953, 203)]"
1043,dataset/background\902.png,1,"[(989, 56)]"
1044,dataset/background\903.png,1,"[(601, 582)]"
1045,dataset/background\904.png,2,"[(539, 642), (72, 620)]"
1046,dataset/background\905.png,1,"[(11, 325)]"
1047,dataset/background\906.png,5,"[(908, 196), (418, 301), (228, 319), (160, 353), (633, 105)]"
1048,dataset/background\907.png,3,"[(867, 797), (1052, 433), (825, 566)]"
1049,dataset/background\908.png,3,"[(668, 129), (1089, 249), (1191, 644)]"
1050,dataset/background\909.png,2,"[(254, 307), (764, 895)]"
1051,dataset/background\91.png,4,"[(63, 520), (623, 96), (1097, 149), (873, 666)]"
1052,dataset/background\910.png,3,"[(1190, 219), (1122, 624), (713, 293)]"
1053,dataset/background\911.png,3,"[(673, 822), (380, 868), (248, 591)]"
1054,dataset/background\912.png,2,"[(253, 291), (392, 346)]"
1055,dataset/background\913.png,3,"[(948, 447), (1067, 213), (347, 14)]"
1056,dataset/background\914.png,2,"[(581, 602), (1045, 161)]"
1057,dataset/background\915.png,4,"[(309, 0), (111, 322), (446, 893), (882, 534)]"
1058,dataset/background\916.png,1,"[(1030, 637)]"
1059,dataset/background\917.png,1,"[(491, 407)]"
1060,dataset/background\918.png,4,"[(730, 588), (322, 34), (1221, 899), (873, 222)]"
1061,dataset/background\919.png,5,"[(2497, 577), (1366, 926), (2312, 981), (189, 740), (569, 274)]"
1062,dataset/background\92.png,4,"[(338, 92), (48, 5), (292, 88), (182, 4)]"
1063,dataset/background\920.png,3,"[(1496, 1521), (2187, 1662), (386, 1592)]"
1064,dataset/background\921.png,4,"[(1035, 1494), (1537, 864), (993, 640), (1324, 1498)]"
1065,dataset/background\922.png,1,"[(2115, 308)]"
1066,dataset/background\923.png,2,"[(1041, 1778), (1446, 689)]"
1067,dataset/background\924.png,2,"[(64, 236), (108, 82)]"
1068,dataset/background\925.png,5,"[(424, 263), (57, 370), (159, 253), (1071, 424), (1063, 358)]"
1069,dataset/background\926.png,2,"[(2371, 240), (985, 1614)]"
1070,dataset/background\927.png,4,"[(1323, 36), (478, 1350), (1324, 778), (2407, 1116)]"
1071,dataset/background\928.png,1,"[(1344, 1367)]"
1072,dataset/background\929.png,4,"[(59, 566), (1225, 1), (1151, 810), (1698, 347)]"
1073,dataset/background\93.png,2,"[(390, 400), (313, 128)]"
1074,dataset/background\930.png,3,"[(2077, 1723), (78, 1473), (488, 1475)]"
1075,dataset/background\931.png,1,"[(884, 1127)]"
1076,dataset/background\932.png,1,"[(48, 161)]"
1077,dataset/background\933.png,4,"[(0, 814), (1493, 375), (1397, 802), (21, 931)]"
1078,dataset/background\934.png,1,"[(690, 253)]"
1079,dataset/background\935.png,5,"[(342, 273), (163, 1578), (793, 58), (706, 778), (100, 1237)]"
1080,dataset/background\936.png,5,"[(67, 4), (168, 23), (25, 322), (41, 149), (53, 117)]"
1081,dataset/background\937.png,4,"[(822, 282), (71, 432), (607, 529), (583, 651)]"
1082,dataset/background\938.png,2,"[(482, 510), (420, 15)]"
1083,dataset/background\939.png,3,"[(652, 766), (1282, 1649), (2336, 588)]"
1084,dataset/background\94.png,2,"[(274, 318), (60, 66)]"
1085,dataset/background\940.png,3,"[(750, 938), (1318, 133), (105, 971)]"
1086,dataset/background\941.png,3,"[(766, 186), (424, 1399), (1581, 998)]"
1087,dataset/background\942.png,3,"[(1410, 1025), (746, 379), (1318, 1018)]"
1088,dataset/background\943.png,1,"[(2144, 1331)]"
1089,dataset/background\944.png,5,"[(988, 1084), (11, 1376), (1411, 446), (2116, 471), (937, 1427)]"
1090,dataset/background\945.png,3,"[(1303, 158), (1792, 747), (334, 1536)]"
1091,dataset/background\946.png,1,"[(1478, 520)]"
1092,dataset/background\947.png,5,"[(513, 895), (1520, 251), (2299, 1337), (476, 97), (2515, 630)]"
1093,dataset/background\948.png,3,"[(345, 63), (406, 187), (219, 217)]"
1094,dataset/background\949.png,2,"[(841, 314), (838, 641)]"
1095,dataset/background\95.png,3,"[(561, 604), (867, 54), (1106, 297)]"
1096,dataset/background\950.png,3,"[(2172, 1288), (824, 1082), (2260, 1666)]"
1097,dataset/background\951.png,3,"[(2293, 452), (2452, 507), (2279, 638)]"
1098,dataset/background\952.png,3,"[(204, 402), (510, 705), (1317, 765)]"
1099,dataset/background\953.png,5,"[(234, 1282), (850, 1475), (890, 770), (1868, 1255), (769, 58)]"
1100,dataset/background\954.png,5,"[(875, 119), (1529, 1654), (782, 1012), (905, 266), (1630, 1273)]"
1101,dataset/background\955.png,1,"[(577, 715)]"
1102,dataset/background\956.png,2,"[(1825, 680), (2331, 141)]"
1103,dataset/background\957.png,3,"[(1200, 1864), (2476, 384), (41, 1326)]"
1104,dataset/background\958.png,2,"[(401, 859), (1989, 23)]"
1105,dataset/background\959.png,1,"[(1776, 1215)]"
1106,dataset/background\96.png,5,"[(128, 145), (230, 126), (130, 80), (386, 361), (295, 17)]"
1107,dataset/background\960.png,2,"[(125, 321), (93, 302)]"
1108,dataset/background\961.png,1,"[(629, 570)]"
1109,dataset/background\962.png,4,"[(919, 250), (2044, 37), (629, 515), (2481, 1136)]"
1110,dataset/background\963.png,5,"[(156, 345), (1397, 1293), (113, 1513), (1636, 863), (674, 590)]"
1111,dataset/background\964.png,2,"[(147, 853), (119, 729)]"
1112,dataset/background\965.png,2,"[(1038, 78), (827, 1481)]"
1113,dataset/background\966.png,4,"[(1459, 1793), (1307, 1786), (44, 1249), (1951, 487)]"
1114,dataset/background\967.png,4,"[(873, 1437), (1055, 783), (1938, 1236), (1404, 499)]"
1115,dataset/background\968.png,1,"[(452, 1145)]"
1116,dataset/background\969.png,4,"[(2154, 133), (185, 439), (215, 210), (1470, 126)]"
1117,dataset/background\97.png,2,"[(1085, 469), (1093, 172)]"
1118,dataset/background\970.png,3,"[(1071, 742), (110, 1250), (1381, 609)]"
1119,dataset/background\971.png,5,"[(1442, 550), (15, 512), (1508, 946), (1355, 1036), (1172, 862)]"
1120,dataset/background\972.png,4,"[(257, 18), (180, 231), (44, 143), (266, 13)]"
1121,dataset/background\973.png,5,"[(1017, 444), (825, 364), (513, 665), (212, 88), (395, 97)]"
1122,dataset/background\974.png,1,"[(1654, 1873)]"
1123,dataset/background\975.png,1,"[(715, 1391)]"
1124,dataset/background\976.png,3,"[(2522, 1250), (440, 84), (1792, 1020)]"
1125,dataset/background\977.png,5,"[(2192, 893), (933, 1820), (116, 928), (241, 405), (2113, 1272)]"
1126,dataset/background\978.png,4,"[(234, 94), (1269, 184), (1684, 1827), (1345, 468)]"
1127,dataset/background\979.png,5,"[(1435, 1023), (1869, 1755), (1187, 1501), (2501, 803), (878, 192)]"
1128,dataset/background\98.png,2,"[(364, 319), (281, 288)]"
1129,dataset/background\980.png,2,"[(119, 728), (38, 978)]"
1130,dataset/background\981.png,3,"[(884, 1529), (1980, 700), (1113, 965)]"
1131,dataset/background\982.png,1,"[(2513, 1054)]"
1132,dataset/background\983.png,2,"[(1435, 1869), (1997, 829)]"
1133,dataset/background\984.png,5,"[(74, 166), (214, 52), (134, 453), (172, 420), (49, 318)]"
1134,dataset/background\985.png,1,"[(415, 595)]"
1135,dataset/background\986.png,5,"[(1966, 145), (2060, 664), (395, 1252), (675, 926), (1614, 133)]"
1136,dataset/background\987.png,5,"[(1124, 1158), (96, 1771), (886, 344), (1479, 1380), (1204, 1788)]"
1137,dataset/background\988.png,3,"[(346, 71), (648, 490), (881, 769)]"
1138,dataset/background\989.png,3,"[(997, 1019), (1187, 631), (621, 862)]"
1139,dataset/background\99.png,3,"[(69, 39), (872, 644), (237, 368)]"
1140,dataset/background\990.png,5,"[(1728, 507), (757, 706), (1671, 211), (1079, 1297), (64, 1107)]"
1141,dataset/background\991.png,1,"[(2026, 564)]"
1142,dataset/background\992.png,1,"[(883, 1029)]"
1143,dataset/background\993.png,4,"[(733, 911), (377, 1438), (1620, 819), (344, 866)]"
1144,dataset/background\994.png,1,"[(1424, 273)]"
1145,dataset/background\995.png,2,"[(780, 1701), (2468, 1736)]"
1146,dataset/background\996.png,1,"[(209, 232)]"
1147,dataset/background\997.png,2,"[(365, 311), (1091, 543)]"
1148,dataset/background\998.png,5,"[(610, 1217), (0, 867), (397, 1723), (979, 902), (2493, 33)]"
1149,dataset/background\999.png,3,"[(1491, 1479), (402, 1098), (385, 895)]"
